task_id,hit_id,worker_id,assignment_id,status,quality_score,working_time(min),annotation_res
0,3AXFSPQOYQYV33N8EKROFZHEZR3FJ1,A2LAWUYEMWODHH,3WOKGM4L71GLUUX8HH59887MOMY0OV,Approved,9,70.47,"{'CNNDM-129-SYSTEM-REFERENCE-PG': 0.5334988926945019, 'CNNDM-91-REFERENCE-SYSTEM-PG': -0.8419436385649576, 'CNNDM-101-SYSTEM-REFERENCE-PG': -0.39585416896729503, 'CNNDM-94-REFERENCE-SYSTEM-BERT': -1.622600210360867, 'CNNDM-118-REFERENCE-SYSTEM-PG': 1.4628519543562988, 'CNNDM-32-REFERENCE-SYSTEM-BERT': 0.7565436274933331, 'CNNDM-117-SYSTEM-REFERENCE-PG': 0.2361059129627269, 'CNNDM-105-REFERENCE-SYSTEM-BERT': 1.4256778318898269, 'CNNDM-38-REFERENCE-SYSTEM-PG': -0.47020241390023876, 'CNNDM-104-SYSTEM-REFERENCE-BERT': -0.39585416896729503, 'CNNDM-132-SYSTEM-REFERENCE-PG': 0.8308918724262769, 'CNNDM-51-SYSTEM-REFERENCE-PG': 1.0167624847586363, 'CNNDM-109-REFERENCE-SYSTEM-PG': -0.69324714869907, 'CNNDM-125-SYSTEM-REFERENCE-PG': -0.990640128430845, 'CNNDM-128-SYSTEM-REFERENCE-PG': 0.3848024028286144, 'CNNDM-40-SYSTEM-REFERENCE-PG': -1.5482519654279232, 'CNNDM-9-SYSTEM-REFERENCE-PG': -0.39585416896729503, 'CNNDM-69-SYSTEM-REFERENCE-BERT': 0.6821953825603895, 'CNNDM-37-SYSTEM-REFERENCE-BERT': -0.39585416896729503, 'CNNDM-77-REFERENCE-SYSTEM-PG': -1.585426087894395, 'CNNDM-79-REFERENCE-SYSTEM-PG': 1.4256778318898269, 'CNNDM-16-REFERENCE-SYSTEM-BERT': -0.17280943416846375, 'CNNDM-110-REFERENCE-SYSTEM-BERT': -1.4367295980285075, 'CNNDM-15-SYSTEM-REFERENCE-BERT': 0.6078471376274457, 'CNNDM-94-SYSTEM-REFERENCE-BERT': 1.4628519543562988, 'CNNDM-71-REFERENCE-SYSTEM-PG': -2.254560292290889, 'CNNDM-99-SYSTEM-REFERENCE-PG': -0.5445506588331825, 'CNNDM-57-SYSTEM-REFERENCE-BERT': 1.09111072969158, 'CNNDM-127-REFERENCE-SYSTEM-BERT': 1.2026330970909958, 'CNNDM-23-SYSTEM-REFERENCE-BERT': 0.5706730151609738, 'CNNDM-38-REFERENCE-SYSTEM-BERT': -1.1765107407632045, 'CNNDM-81-REFERENCE-SYSTEM-BERT': 0.6821953825603895, 'CNNDM-19-SYSTEM-REFERENCE-PG': -1.027814250897317, 'CNNDM-31-SYSTEM-REFERENCE-BERT': 0.3848024028286144, 'CNNDM-51-REFERENCE-SYSTEM-PG': 0.12458354556331128, 'CNNDM-50-REFERENCE-SYSTEM-PG': 0.0874094230968394, 'CNNDM-65-REFERENCE-SYSTEM-PG': 0.9795883622921644}"
0,3AXFSPQOYQYV33N8EKROFZHEZR3FJ1,AJM4334V07JDQ,3LJ7UR74RHDKBXFXZ3SY5MXUFNA4NZ,Approved,7,61.7,"{'CNNDM-40-SYSTEM-REFERENCE-PG': -2.015758550867697, 'CNNDM-31-SYSTEM-REFERENCE-BERT': 1.1111160759189738, 'CNNDM-104-SYSTEM-REFERENCE-BERT': 1.1111160759189738, 'CNNDM-128-SYSTEM-REFERENCE-PG': -1.1985072279575446, 'CNNDM-110-REFERENCE-SYSTEM-BERT': 1.075583409705489, 'CNNDM-118-REFERENCE-SYSTEM-PG': -1.4827685576654237, 'CNNDM-94-REFERENCE-SYSTEM-BERT': -0.6655172347552711, 'CNNDM-101-SYSTEM-REFERENCE-PG': 0.18726675436836648, 'CNNDM-94-SYSTEM-REFERENCE-BERT': 0.22279942058185137, 'CNNDM-19-SYSTEM-REFERENCE-PG': -0.6655172347552711, 'CNNDM-132-SYSTEM-REFERENCE-PG': 1.075583409705489, 'CNNDM-32-REFERENCE-SYSTEM-BERT': 0.25833208679533626, 'CNNDM-51-SYSTEM-REFERENCE-PG': 1.075583409705489, 'CNNDM-15-SYSTEM-REFERENCE-BERT': -0.6655172347552711, 'CNNDM-57-SYSTEM-REFERENCE-BERT': -1.5538338900923936, 'CNNDM-109-REFERENCE-SYSTEM-PG': 0.18726675436836648, 'CNNDM-105-REFERENCE-SYSTEM-BERT': -0.6655172347552711, 'CNNDM-125-SYSTEM-REFERENCE-PG': 1.075583409705489, 'CNNDM-127-REFERENCE-SYSTEM-BERT': 0.22279942058185137, 'CNNDM-23-SYSTEM-REFERENCE-BERT': -0.6299845685417862, 'CNNDM-16-REFERENCE-SYSTEM-BERT': -0.6655172347552711, 'CNNDM-129-SYSTEM-REFERENCE-PG': 0.18726675436836648, 'CNNDM-65-REFERENCE-SYSTEM-PG': 1.1111160759189738, 'CNNDM-81-REFERENCE-SYSTEM-BERT': 1.1111160759189738, 'CNNDM-38-REFERENCE-SYSTEM-BERT': 0.25833208679533626, 'CNNDM-77-REFERENCE-SYSTEM-PG': 1.1111160759189738, 'CNNDM-91-REFERENCE-SYSTEM-PG': 0.22279942058185137, 'CNNDM-71-REFERENCE-SYSTEM-PG': -2.442150545429516, 'CNNDM-37-SYSTEM-REFERENCE-BERT': -1.5538338900923936, 'CNNDM-99-SYSTEM-REFERENCE-PG': -0.6655172347552711, 'CNNDM-9-SYSTEM-REFERENCE-PG': 1.1111160759189738, 'CNNDM-38-REFERENCE-SYSTEM-PG': 0.22279942058185137, 'CNNDM-51-REFERENCE-SYSTEM-PG': -0.701049900968756, 'CNNDM-69-SYSTEM-REFERENCE-BERT': 0.22279942058185137, 'CNNDM-50-REFERENCE-SYSTEM-PG': 1.075583409705489, 'CNNDM-79-REFERENCE-SYSTEM-PG': 1.1111160759189738, 'CNNDM-117-SYSTEM-REFERENCE-PG': 0.22279942058185137}"
0,3AXFSPQOYQYV33N8EKROFZHEZR3FJ1,A1F9KLZGHE9DTA,3HHRAGRYX853QOLLHDO21J8FRP09OM,Approved,10,55.97,"{'CNNDM-79-REFERENCE-SYSTEM-PG': 1.7445770022243399, 'CNNDM-9-SYSTEM-REFERENCE-PG': 0.31775673073228455, 'CNNDM-37-SYSTEM-REFERENCE-BERT': -0.4241898104435841, 'CNNDM-117-SYSTEM-REFERENCE-PG': -2.4788110013921436, 'CNNDM-94-SYSTEM-REFERENCE-BERT': 1.3450673262065642, 'CNNDM-51-REFERENCE-SYSTEM-PG': -1.0519907299000884, 'CNNDM-109-REFERENCE-SYSTEM-PG': -0.2529713778645375, 'CNNDM-19-SYSTEM-REFERENCE-PG': 0.9455576501887889, 'CNNDM-77-REFERENCE-SYSTEM-PG': -1.1090635407597706, 'CNNDM-118-REFERENCE-SYSTEM-PG': -0.3671169995839019, 'CNNDM-71-REFERENCE-SYSTEM-PG': -2.079301325374368, 'CNNDM-128-SYSTEM-REFERENCE-PG': 0.8884848393291066, 'CNNDM-110-REFERENCE-SYSTEM-BERT': 0.9455576501887889, 'CNNDM-38-REFERENCE-SYSTEM-PG': -0.8807722973210418, 'CNNDM-91-REFERENCE-SYSTEM-PG': 0.6031207850306957, 'CNNDM-51-SYSTEM-REFERENCE-PG': 1.1167760827678355, 'CNNDM-127-REFERENCE-SYSTEM-BERT': 0.26068391987260237, 'CNNDM-69-SYSTEM-REFERENCE-BERT': 0.03239267643387353, 'CNNDM-57-SYSTEM-REFERENCE-BERT': 0.14653829815323796, 'CNNDM-132-SYSTEM-REFERENCE-PG': 0.03239267643387353, 'CNNDM-32-REFERENCE-SYSTEM-BERT': 0.08946548729355575, 'CNNDM-105-REFERENCE-SYSTEM-BERT': 0.14653829815323796, 'CNNDM-125-SYSTEM-REFERENCE-PG': -1.508573216777546, 'CNNDM-101-SYSTEM-REFERENCE-PG': 0.31775673073228455, 'CNNDM-129-SYSTEM-REFERENCE-PG': 0.08946548729355575, 'CNNDM-31-SYSTEM-REFERENCE-BERT': 0.9455576501887889, 'CNNDM-65-REFERENCE-SYSTEM-PG': 1.4592129479259288, 'CNNDM-38-REFERENCE-SYSTEM-BERT': -0.8236994864613596, 'CNNDM-23-SYSTEM-REFERENCE-BERT': 0.3748295415919668, 'CNNDM-15-SYSTEM-REFERENCE-BERT': 0.431902352451649, 'CNNDM-99-SYSTEM-REFERENCE-PG': -1.1090635407597706, 'CNNDM-50-REFERENCE-SYSTEM-PG': -0.937845108180724, 'CNNDM-81-REFERENCE-SYSTEM-BERT': 1.002630461048471, 'CNNDM-94-REFERENCE-SYSTEM-BERT': -1.7939372710759571, 'CNNDM-104-SYSTEM-REFERENCE-BERT': 0.8884848393291066, 'CNNDM-40-SYSTEM-REFERENCE-PG': 0.31775673073228455, 'CNNDM-16-REFERENCE-SYSTEM-BERT': 0.3748295415919668}"
1,31JUPBOORN4SJE1L9RXVLMDKGDOL8N,AMELYCC59JKB0,3BXQMRHWKZYDADOC284G5B6OAM7UMK,Approved,10,61.45,"{'CNNDM-18-SYSTEM-REFERENCE-PG': 0.7672966658651996, 'CNNDM-113-REFERENCE-SYSTEM-BERT': -0.08789466451087434, 'CNNDM-80-SYSTEM-REFERENCE-PG': 1.2661582752512428, 'CNNDM-131-REFERENCE-SYSTEM-BERT': 0.8741955821622088, 'CNNDM-69-REFERENCE-SYSTEM-BERT': -0.5511233017979144, 'CNNDM-102-SYSTEM-REFERENCE-BERT': -1.263782743777976, 'CNNDM-42-REFERENCE-SYSTEM-PG': 0.4465999169741719, 'CNNDM-1-SYSTEM-REFERENCE-PG': -0.9787189669859514, 'CNNDM-47-SYSTEM-REFERENCE-BERT': -0.6936551901939267, 'CNNDM-113-SYSTEM-REFERENCE-PG': -0.9430859948869483, 'CNNDM-96-SYSTEM-REFERENCE-PG': 1.3017912473502458, 'CNNDM-0-REFERENCE-SYSTEM-BERT': -0.016628720312868172, 'CNNDM-11-SYSTEM-REFERENCE-BERT': -0.9430859948869483, 'CNNDM-64-SYSTEM-REFERENCE-BERT': -1.65574543686701, 'CNNDM-95-SYSTEM-REFERENCE-BERT': 0.8029296379642027, 'CNNDM-55-REFERENCE-SYSTEM-PG': -1.4063146321739883, 'CNNDM-38-SYSTEM-REFERENCE-BERT': 0.9098285542612119, 'CNNDM-42-REFERENCE-SYSTEM-BERT': -0.6580222180949237, 'CNNDM-21-SYSTEM-REFERENCE-PG': -0.800554106490936, 'CNNDM-57-REFERENCE-SYSTEM-PG': -1.299415715876979, 'CNNDM-27-SYSTEM-REFERENCE-PG': 1.0523604426572242, 'CNNDM-8-REFERENCE-SYSTEM-BERT': -1.5488465205700006, 'CNNDM-65-SYSTEM-REFERENCE-BERT': 0.8385626100632058, 'CNNDM-55-REFERENCE-SYSTEM-BERT': 0.1971691122811503, 'CNNDM-36-SYSTEM-REFERENCE-BERT': -0.6580222180949237, 'CNNDM-49-SYSTEM-REFERENCE-PG': 1.1592593589542335, 'CNNDM-22-REFERENCE-SYSTEM-PG': 1.5155890799442644, 'CNNDM-129-SYSTEM-REFERENCE-BERT': 1.4799561078452612, 'CNNDM-130-SYSTEM-REFERENCE-PG': 0.2684350564791565, 'CNNDM-32-SYSTEM-REFERENCE-PG': 1.3017912473502458, 'CNNDM-106-REFERENCE-SYSTEM-BERT': 0.8741955821622088, 'CNNDM-124-SYSTEM-REFERENCE-BERT': -1.1568838274809667, 'CNNDM-69-SYSTEM-REFERENCE-PG': -1.19251679957997, 'CNNDM-84-REFERENCE-SYSTEM-PG': -1.263782743777976, 'CNNDM-96-SYSTEM-REFERENCE-BERT': 0.8741955821622088, 'CNNDM-96-REFERENCE-SYSTEM-BERT': 0.8741955821622088, 'CNNDM-84-SYSTEM-REFERENCE-PG': 0.01900425178613491, 'CNNDM-124-REFERENCE-SYSTEM-BERT': -0.9430859948869483, 'CNNDM-19-SYSTEM-REFERENCE-BERT': -1.1568838274809667, 'CNNDM-103-REFERENCE-SYSTEM-BERT': 1.5868550241422705, 'CNNDM-52-SYSTEM-REFERENCE-PG': -0.5511233017979144, 'CNNDM-98-REFERENCE-SYSTEM-PG': -0.016628720312868172, 'CNNDM-78-REFERENCE-SYSTEM-PG': -0.016628720312868172, 'CNNDM-120-REFERENCE-SYSTEM-PG': -0.05226169241187125, 'CNNDM-81-SYSTEM-REFERENCE-BERT': 1.4443231357462583}"
1,31JUPBOORN4SJE1L9RXVLMDKGDOL8N,A107RJSS561Y7R,3C5W7UE9CFQ5RHI77DF3PI5S467MXR,Approved,10,57.82,"{'CNNDM-96-SYSTEM-REFERENCE-BERT': 1.227482429554829, 'CNNDM-64-SYSTEM-REFERENCE-BERT': -2.013900031126532, 'CNNDM-11-SYSTEM-REFERENCE-BERT': 0.25062744140428184, 'CNNDM-103-REFERENCE-SYSTEM-BERT': 1.138677430632052, 'CNNDM-124-REFERENCE-SYSTEM-BERT': -0.7706300462076537, 'CNNDM-69-REFERENCE-SYSTEM-BERT': 0.25062744140428184, 'CNNDM-32-SYSTEM-REFERENCE-PG': 2.4263499150123184, 'CNNDM-65-SYSTEM-REFERENCE-BERT': 0.25062744140428184, 'CNNDM-1-SYSTEM-REFERENCE-PG': -0.9482400440532078, 'CNNDM-22-REFERENCE-SYSTEM-PG': 0.20622494194289334, 'CNNDM-84-REFERENCE-SYSTEM-PG': 0.16182244248150482, 'CNNDM-78-REFERENCE-SYSTEM-PG': -2.013900031126532, 'CNNDM-69-SYSTEM-REFERENCE-PG': 2.4263499150123184, 'CNNDM-96-REFERENCE-SYSTEM-BERT': 1.316287428477606, 'CNNDM-130-SYSTEM-REFERENCE-PG': 0.25062744140428184, 'CNNDM-42-REFERENCE-SYSTEM-BERT': -0.7262275467462652, 'CNNDM-49-SYSTEM-REFERENCE-PG': -1.0370450429759848, 'CNNDM-19-SYSTEM-REFERENCE-BERT': -0.9482400440532078, 'CNNDM-8-REFERENCE-SYSTEM-BERT': -0.8594350451304308, 'CNNDM-55-REFERENCE-SYSTEM-BERT': -0.8594350451304308, 'CNNDM-52-SYSTEM-REFERENCE-PG': -0.9038375445918193, 'CNNDM-113-SYSTEM-REFERENCE-PG': 0.29502994086567036, 'CNNDM-106-REFERENCE-SYSTEM-BERT': 0.16182244248150482, 'CNNDM-57-REFERENCE-SYSTEM-PG': -1.5254725370512583, 'CNNDM-102-SYSTEM-REFERENCE-BERT': -0.8594350451304308, 'CNNDM-47-SYSTEM-REFERENCE-BERT': -0.8594350451304308, 'CNNDM-38-SYSTEM-REFERENCE-BERT': -0.9038375445918193, 'CNNDM-42-REFERENCE-SYSTEM-PG': 0.20622494194289334, 'CNNDM-96-SYSTEM-REFERENCE-PG': 0.25062744140428184, 'CNNDM-124-SYSTEM-REFERENCE-BERT': 0.20622494194289334, 'CNNDM-84-SYSTEM-REFERENCE-PG': 0.25062744140428184, 'CNNDM-81-SYSTEM-REFERENCE-BERT': 0.16182244248150482, 'CNNDM-120-REFERENCE-SYSTEM-PG': -0.9038375445918193, 'CNNDM-131-REFERENCE-SYSTEM-BERT': 0.16182244248150482, 'CNNDM-113-REFERENCE-SYSTEM-BERT': 0.20622494194289334, 'CNNDM-95-SYSTEM-REFERENCE-BERT': 0.16182244248150482, 'CNNDM-55-REFERENCE-SYSTEM-PG': 1.316287428477606, 'CNNDM-36-SYSTEM-REFERENCE-BERT': -0.7706300462076537, 'CNNDM-129-SYSTEM-REFERENCE-BERT': 1.4494949268617714, 'CNNDM-27-SYSTEM-REFERENCE-PG': 0.25062744140428184, 'CNNDM-80-SYSTEM-REFERENCE-PG': -0.8594350451304308, 'CNNDM-21-SYSTEM-REFERENCE-PG': 0.29502994086567036, 'CNNDM-98-REFERENCE-SYSTEM-PG': 1.0054699322478864, 'CNNDM-0-REFERENCE-SYSTEM-BERT': 1.316287428477606, 'CNNDM-18-SYSTEM-REFERENCE-PG': 0.16182244248150482}"
1,302U8RURJZ1GIQ0JTXOKQS1HW5VVN8,A3PYD7EU2WFST6,31LM9EDVOLSAEFYI2AF2BOMDXKRNJ0,Approved,7,59.62,"{'CNNDM-1-SYSTEM-REFERENCE-PG': 0.02987383830854158, 'CNNDM-65-SYSTEM-REFERENCE-BERT': 0.9382000030952781, 'CNNDM-42-REFERENCE-SYSTEM-BERT': -0.4424557673805614, 'CNNDM-96-REFERENCE-SYSTEM-BERT': 1.4468626553758506, 'CNNDM-113-REFERENCE-SYSTEM-BERT': 0.9018669565038087, 'CNNDM-0-REFERENCE-SYSTEM-BERT': 0.9382000030952781, 'CNNDM-21-SYSTEM-REFERENCE-PG': -0.9511184196611339, 'CNNDM-22-REFERENCE-SYSTEM-PG': 0.02987383830854158, 'CNNDM-81-SYSTEM-REFERENCE-BERT': -0.9147853730696645, 'CNNDM-57-REFERENCE-SYSTEM-PG': -0.9147853730696645, 'CNNDM-69-REFERENCE-SYSTEM-BERT': -0.8784523264781949, 'CNNDM-11-SYSTEM-REFERENCE-BERT': -0.8421192798867255, 'CNNDM-69-SYSTEM-REFERENCE-PG': -1.0601175594355423, 'CNNDM-84-SYSTEM-REFERENCE-PG': 0.4295373508147057, 'CNNDM-96-SYSTEM-REFERENCE-PG': 0.9018669565038087, 'CNNDM-103-REFERENCE-SYSTEM-BERT': 1.228864375827034, 'CNNDM-38-SYSTEM-REFERENCE-BERT': -0.8421192798867255, 'CNNDM-49-SYSTEM-REFERENCE-PG': 0.8655339099123391, 'CNNDM-55-REFERENCE-SYSTEM-BERT': -1.350781932167298, 'CNNDM-131-REFERENCE-SYSTEM-BERT': 1.3015304690099727, 'CNNDM-32-SYSTEM-REFERENCE-PG': 0.9382000030952781, 'CNNDM-113-SYSTEM-REFERENCE-PG': 0.8655339099123391, 'CNNDM-8-REFERENCE-SYSTEM-BERT': -0.006459208282927881, 'CNNDM-27-SYSTEM-REFERENCE-PG': 0.02987383830854158, 'CNNDM-98-REFERENCE-SYSTEM-PG': 0.13887297808294996, 'CNNDM-129-SYSTEM-REFERENCE-BERT': 0.02987383830854158, 'CNNDM-64-SYSTEM-REFERENCE-BERT': -1.823111537856401, 'CNNDM-120-REFERENCE-SYSTEM-PG': 0.02987383830854158, 'CNNDM-19-SYSTEM-REFERENCE-BERT': -1.0601175594355423, 'CNNDM-78-REFERENCE-SYSTEM-PG': -1.1691166992099506, 'CNNDM-36-SYSTEM-REFERENCE-BERT': -0.40612272078909195, 'CNNDM-42-REFERENCE-SYSTEM-PG': 0.9018669565038087, 'CNNDM-52-SYSTEM-REFERENCE-PG': -0.9511184196611339, 'CNNDM-55-REFERENCE-SYSTEM-PG': 1.3378635156014422, 'CNNDM-84-REFERENCE-SYSTEM-PG': -1.5324471651246452, 'CNNDM-96-SYSTEM-REFERENCE-BERT': 1.3378635156014422, 'CNNDM-124-SYSTEM-REFERENCE-BERT': -1.4234480253502368, 'CNNDM-124-REFERENCE-SYSTEM-BERT': -1.677779351490523, 'CNNDM-95-SYSTEM-REFERENCE-BERT': 0.02987383830854158, 'CNNDM-80-SYSTEM-REFERENCE-PG': 0.9382000030952781, 'CNNDM-47-SYSTEM-REFERENCE-BERT': -0.9147853730696645, 'CNNDM-102-SYSTEM-REFERENCE-BERT': -0.3697896741976225, 'CNNDM-130-SYSTEM-REFERENCE-PG': 1.4468626553758506, 'CNNDM-18-SYSTEM-REFERENCE-PG': 1.628527888333198, 'CNNDM-106-REFERENCE-SYSTEM-BERT': 0.8655339099123391}"
2,32XN26MTXZJA1PWIENKGS772XEJ0LK,A248QG4DPULP46,31T4R4OBOSGY3G0PCBHRSNNS7LU7CC,Approved,10,62.87,"{'CNNDM-112-SYSTEM-REFERENCE-PG': -0.24049595457229564, 'CNNDM-75-REFERENCE-SYSTEM-BERT': 0.9746415001087766, 'CNNDM-119-REFERENCE-SYSTEM-BERT': -0.8100916364540482, 'CNNDM-59-REFERENCE-SYSTEM-BERT': -0.3923881364074297, 'CNNDM-2-SYSTEM-REFERENCE-PG': 0.8986954091912096, 'CNNDM-83-SYSTEM-REFERENCE-BERT': 0.480991909144591, 'CNNDM-44-SYSTEM-REFERENCE-BERT': 1.2404528183202612, 'CNNDM-80-SYSTEM-REFERENCE-BERT': 0.06328840909797243, 'CNNDM-88-SYSTEM-REFERENCE-BERT': -0.9240107728303988, 'CNNDM-27-REFERENCE-SYSTEM-BERT': -1.4176603637945844, 'CNNDM-37-REFERENCE-SYSTEM-PG': 0.480991909144591, 'CNNDM-60-REFERENCE-SYSTEM-BERT': 0.9366684546499932, 'CNNDM-89-REFERENCE-SYSTEM-BERT': 1.5442371819905292, 'CNNDM-56-REFERENCE-SYSTEM-BERT': 0.405045818227024, 'CNNDM-88-REFERENCE-SYSTEM-PG': -1.227795136500667, 'CNNDM-134-REFERENCE-SYSTEM-PG': 0.9366684546499932, 'CNNDM-83-SYSTEM-REFERENCE-PG': -1.4936064547121515, 'CNNDM-79-REFERENCE-SYSTEM-BERT': 0.7847762728148591, 'CNNDM-22-REFERENCE-SYSTEM-BERT': 1.1645067274026941, 'CNNDM-97-SYSTEM-REFERENCE-BERT': -0.9240107728303988, 'CNNDM-118-SYSTEM-REFERENCE-PG': -0.12657681819594513, 'CNNDM-58-REFERENCE-SYSTEM-PG': 1.2024797728614778, 'CNNDM-60-SYSTEM-REFERENCE-BERT': 0.025315363639188918, 'CNNDM-74-REFERENCE-SYSTEM-BERT': 0.9366684546499932, 'CNNDM-25-SYSTEM-REFERENCE-PG': 1.5062641365317457, 'CNNDM-34-REFERENCE-SYSTEM-BERT': -0.8480646819128318, 'CNNDM-78-SYSTEM-REFERENCE-BERT': -0.9240107728303988, 'CNNDM-34-SYSTEM-REFERENCE-BERT': -1.1898220910418833, 'CNNDM-28-REFERENCE-SYSTEM-PG': -0.9619838182891823, 'CNNDM-28-REFERENCE-SYSTEM-BERT': 0.025315363639188918, 'CNNDM-29-SYSTEM-REFERENCE-PG': -1.835363863841203, 'CNNDM-14-REFERENCE-SYSTEM-BERT': 1.3163989092378283, 'CNNDM-100-REFERENCE-SYSTEM-BERT': -0.8860377273716153, 'CNNDM-103-SYSTEM-REFERENCE-BERT': -0.4683342273249967, 'CNNDM-58-SYSTEM-REFERENCE-BERT': 1.4303180456141789, 'CNNDM-82-SYSTEM-REFERENCE-BERT': -0.27846900003107916, 'CNNDM-44-REFERENCE-SYSTEM-PG': 0.9746415001087766, 'CNNDM-48-REFERENCE-SYSTEM-PG': -0.9619838182891823, 'CNNDM-52-REFERENCE-SYSTEM-PG': -1.4176603637945844}"
2,3D06DR5225JQ8KCL61IOHQY466PAMT,A3GITKS8VABUNB,3MH9DQ757WCDI3SQR56LS6MREWAUGJ,Approved,10,69.5,"{'CNNDM-60-SYSTEM-REFERENCE-BERT': -0.23409699207954732, 'CNNDM-58-SYSTEM-REFERENCE-BERT': 2.7890098592788477, 'CNNDM-103-SYSTEM-REFERENCE-BERT': -0.23409699207954732, 'CNNDM-27-REFERENCE-SYSTEM-BERT': -0.23409699207954732, 'CNNDM-34-REFERENCE-SYSTEM-BERT': -0.2945591291067152, 'CNNDM-80-SYSTEM-REFERENCE-BERT': -0.23409699207954732, 'CNNDM-83-SYSTEM-REFERENCE-BERT': 2.7890098592788477, 'CNNDM-119-REFERENCE-SYSTEM-BERT': -0.23409699207954732, 'CNNDM-100-REFERENCE-SYSTEM-BERT': -0.23409699207954732, 'CNNDM-60-REFERENCE-SYSTEM-BERT': -0.23409699207954732, 'CNNDM-37-REFERENCE-SYSTEM-PG': -0.23409699207954732, 'CNNDM-2-SYSTEM-REFERENCE-PG': -3.2572038434379422, 'CNNDM-44-REFERENCE-SYSTEM-PG': -0.23409699207954732, 'CNNDM-118-SYSTEM-REFERENCE-PG': 2.7890098592788477, 'CNNDM-58-REFERENCE-SYSTEM-PG': -0.23409699207954732, 'CNNDM-48-REFERENCE-SYSTEM-PG': -0.23409699207954732, 'CNNDM-82-SYSTEM-REFERENCE-BERT': -0.23409699207954732, 'CNNDM-88-SYSTEM-REFERENCE-BERT': -0.23409699207954732, 'CNNDM-97-SYSTEM-REFERENCE-BERT': -0.23409699207954732, 'CNNDM-28-REFERENCE-SYSTEM-BERT': -0.23409699207954732, 'CNNDM-56-REFERENCE-SYSTEM-BERT': -0.23409699207954732, 'CNNDM-29-SYSTEM-REFERENCE-PG': -0.17363485505237944, 'CNNDM-88-REFERENCE-SYSTEM-PG': -0.23409699207954732, 'CNNDM-52-REFERENCE-SYSTEM-PG': -0.23409699207954732, 'CNNDM-59-REFERENCE-SYSTEM-BERT': -0.23409699207954732, 'CNNDM-28-REFERENCE-SYSTEM-PG': -0.17363485505237944, 'CNNDM-34-SYSTEM-REFERENCE-BERT': -0.23409699207954732, 'CNNDM-25-SYSTEM-REFERENCE-PG': -0.23409699207954732, 'CNNDM-79-REFERENCE-SYSTEM-BERT': -0.23409699207954732, 'CNNDM-112-SYSTEM-REFERENCE-PG': -0.23409699207954732, 'CNNDM-44-SYSTEM-REFERENCE-BERT': -0.23409699207954732, 'CNNDM-75-REFERENCE-SYSTEM-BERT': -0.23409699207954732, 'CNNDM-134-REFERENCE-SYSTEM-PG': -0.23409699207954732, 'CNNDM-78-SYSTEM-REFERENCE-BERT': -0.23409699207954732, 'CNNDM-22-REFERENCE-SYSTEM-BERT': -0.23409699207954732, 'CNNDM-74-REFERENCE-SYSTEM-BERT': -0.23409699207954732, 'CNNDM-14-REFERENCE-SYSTEM-BERT': 1.27745643359965, 'CNNDM-89-REFERENCE-SYSTEM-BERT': 1.27745643359965, 'CNNDM-83-SYSTEM-REFERENCE-PG': -0.23409699207954732}"
2,3XEIP58NL0N73A28IHX8Y6AOFMVLZS,A1B5SSGMTAQ9B5,3VNXK88KKCIYG8UIIPAGWB2NOYFV9P,Approved,9,33.98,"{'CNNDM-75-REFERENCE-SYSTEM-BERT': -1.8671780923769243, 'CNNDM-48-REFERENCE-SYSTEM-PG': 0.18524427523017956, 'CNNDM-56-REFERENCE-SYSTEM-BERT': -0.8409669085733723, 'CNNDM-28-REFERENCE-SYSTEM-BERT': 0.18524427523017956, 'CNNDM-28-REFERENCE-SYSTEM-PG': -0.8409669085733723, 'CNNDM-44-SYSTEM-REFERENCE-BERT': -0.8409669085733723, 'CNNDM-37-REFERENCE-SYSTEM-PG': -0.7999184612212302, 'CNNDM-97-SYSTEM-REFERENCE-BERT': -0.8409669085733723, 'CNNDM-34-REFERENCE-SYSTEM-BERT': -0.7999184612212302, 'CNNDM-60-REFERENCE-SYSTEM-BERT': 1.2114554590337314, 'CNNDM-88-SYSTEM-REFERENCE-BERT': 0.18524427523017956, 'CNNDM-44-REFERENCE-SYSTEM-PG': -2.8933892761804763, 'CNNDM-89-REFERENCE-SYSTEM-BERT': 0.18524427523017956, 'CNNDM-88-REFERENCE-SYSTEM-PG': -0.8409669085733723, 'CNNDM-52-REFERENCE-SYSTEM-PG': 0.18524427523017956, 'CNNDM-27-REFERENCE-SYSTEM-BERT': 1.2114554590337314, 'CNNDM-74-REFERENCE-SYSTEM-BERT': 1.1704070116815894, 'CNNDM-2-SYSTEM-REFERENCE-PG': -1.8261296450247821, 'CNNDM-80-SYSTEM-REFERENCE-BERT': 0.22629272258232164, 'CNNDM-118-SYSTEM-REFERENCE-PG': 1.1704070116815894, 'CNNDM-25-SYSTEM-REFERENCE-PG': 1.1704070116815894, 'CNNDM-83-SYSTEM-REFERENCE-PG': 0.18524427523017956, 'CNNDM-60-SYSTEM-REFERENCE-BERT': 0.18524427523017956, 'CNNDM-34-SYSTEM-REFERENCE-BERT': 0.22629272258232164, 'CNNDM-22-REFERENCE-SYSTEM-BERT': 1.1704070116815894, 'CNNDM-83-SYSTEM-REFERENCE-BERT': 1.2114554590337314, 'CNNDM-100-REFERENCE-SYSTEM-BERT': 0.18524427523017956, 'CNNDM-58-SYSTEM-REFERENCE-BERT': 0.22629272258232164, 'CNNDM-14-REFERENCE-SYSTEM-BERT': 0.18524427523017956, 'CNNDM-119-REFERENCE-SYSTEM-BERT': 0.22629272258232164, 'CNNDM-82-SYSTEM-REFERENCE-BERT': 0.18524427523017956, 'CNNDM-134-REFERENCE-SYSTEM-PG': 0.18524427523017956, 'CNNDM-112-SYSTEM-REFERENCE-PG': -1.8671780923769243, 'CNNDM-29-SYSTEM-REFERENCE-PG': -0.8820153559255144, 'CNNDM-103-SYSTEM-REFERENCE-BERT': 1.1704070116815894, 'CNNDM-58-REFERENCE-SYSTEM-PG': 1.2114554590337314, 'CNNDM-78-SYSTEM-REFERENCE-BERT': 1.1704070116815894, 'CNNDM-79-REFERENCE-SYSTEM-BERT': 0.18524427523017956, 'CNNDM-59-REFERENCE-SYSTEM-BERT': 0.14419582787803747}"
3,3O4VWC1GEW60NR7FUPQMEQSHW2FJ3F,A2FL477TMKC91L,3EICBYG644WRNB1RDK6OVDS1ZQ5CJK,Approved,10,58.2,"{'CNNDM-75-SYSTEM-REFERENCE-BERT': 0.9192440823700276, 'CNNDM-131-REFERENCE-SYSTEM-PG': -0.6302960239051817, 'CNNDM-53-REFERENCE-SYSTEM-BERT': -1.4050660770427863, 'CNNDM-36-REFERENCE-SYSTEM-BERT': 0.31290230165364136, 'CNNDM-105-SYSTEM-REFERENCE-BERT': 1.4919002086021702, 'CNNDM-75-SYSTEM-REFERENCE-PG': -1.6071800039482482, 'CNNDM-34-SYSTEM-REFERENCE-PG': -1.741922621885223, 'CNNDM-77-SYSTEM-REFERENCE-PG': -0.6639816783894253, 'CNNDM-51-REFERENCE-SYSTEM-BERT': -1.1692664956530805, 'CNNDM-9-SYSTEM-REFERENCE-BERT': 0.6497588464960782, 'CNNDM-134-SYSTEM-REFERENCE-BERT': -0.12501120664152646, 'CNNDM-114-REFERENCE-SYSTEM-BERT': 0.6497588464960782, 'CNNDM-20-SYSTEM-REFERENCE-BERT': 1.4919002086021702, 'CNNDM-67-REFERENCE-SYSTEM-PG': 1.4919002086021702, 'CNNDM-77-REFERENCE-SYSTEM-BERT': 0.6497588464960782, 'CNNDM-91-REFERENCE-SYSTEM-BERT': 0.986615391338515, 'CNNDM-43-REFERENCE-SYSTEM-PG': 1.4919002086021702, 'CNNDM-87-REFERENCE-SYSTEM-PG': 0.14447402923242297, 'CNNDM-22-SYSTEM-REFERENCE-BERT': 0.6834445009803218, 'CNNDM-81-REFERENCE-SYSTEM-PG': 1.3234719361809517, 'CNNDM-54-SYSTEM-REFERENCE-BERT': 0.6497588464960782, 'CNNDM-86-REFERENCE-SYSTEM-PG': -0.6302960239051817, 'CNNDM-106-SYSTEM-REFERENCE-BERT': -0.5966103694209379, 'CNNDM-122-REFERENCE-SYSTEM-PG': -0.19238251561001382, 'CNNDM-90-REFERENCE-SYSTEM-BERT': 0.7171301554645655, 'CNNDM-13-REFERENCE-SYSTEM-PG': -1.4724373860112736, 'CNNDM-20-REFERENCE-SYSTEM-PG': 0.6834445009803218, 'CNNDM-17-REFERENCE-SYSTEM-PG': -1.8766652398221977, 'CNNDM-92-SYSTEM-REFERENCE-PG': 0.6497588464960782, 'CNNDM-42-SYSTEM-REFERENCE-BERT': -0.19238251561001382, 'CNNDM-17-SYSTEM-REFERENCE-PG': -1.8766652398221977, 'CNNDM-68-REFERENCE-SYSTEM-BERT': 1.0203010458227586, 'CNNDM-129-REFERENCE-SYSTEM-BERT': -0.0576398976730391, 'CNNDM-66-REFERENCE-SYSTEM-BERT': -0.12501120664152646, 'CNNDM-61-SYSTEM-REFERENCE-BERT': -0.8324099508106437, 'CNNDM-48-SYSTEM-REFERENCE-PG': -0.15869686112577014, 'CNNDM-33-REFERENCE-SYSTEM-BERT': -0.6302960239051817, 'CNNDM-66-SYSTEM-REFERENCE-BERT': -0.09132555215728277, 'CNNDM-35-REFERENCE-SYSTEM-PG': -1.2366378046215678, 'CNNDM-2-SYSTEM-REFERENCE-BERT': -0.46186775148396325, 'CNNDM-104-REFERENCE-SYSTEM-BERT': 0.6497588464960782, 'CNNDM-122-SYSTEM-REFERENCE-BERT': -0.899781259779131, 'CNNDM-56-REFERENCE-SYSTEM-PG': -0.5966103694209379, 'CNNDM-128-REFERENCE-SYSTEM-PG': 1.1213580092754896, 'CNNDM-44-SYSTEM-REFERENCE-PG': 1.4919002086021702}"
3,3O4VWC1GEW60NR7FUPQMEQSHW2FJ3F,A3HYLVFUDKJFKC,3GNA64GUZE4NADWPT03PE8YDL5OQ5W,Approved,9,61.93,"{'CNNDM-81-REFERENCE-SYSTEM-PG': 1.082571408411021, 'CNNDM-17-REFERENCE-SYSTEM-PG': -1.5083272737203242, 'CNNDM-36-REFERENCE-SYSTEM-BERT': -1.4401457294537099, 'CNNDM-75-SYSTEM-REFERENCE-BERT': 0.8098452313445637, 'CNNDM-22-SYSTEM-REFERENCE-BERT': 1.6962053068105503, 'CNNDM-128-REFERENCE-SYSTEM-PG': -1.0651472359873309, 'CNNDM-122-REFERENCE-SYSTEM-PG': 1.6962053068105503, 'CNNDM-33-REFERENCE-SYSTEM-BERT': -0.8946933753207951, 'CNNDM-61-SYSTEM-REFERENCE-BERT': 0.02575747227849866, 'CNNDM-2-SYSTEM-REFERENCE-BERT': 0.02575747227849866, 'CNNDM-54-SYSTEM-REFERENCE-BERT': 1.662114534677243, 'CNNDM-77-SYSTEM-REFERENCE-PG': -0.04242407198811569, 'CNNDM-43-REFERENCE-SYSTEM-PG': 0.7757544592112565, 'CNNDM-20-SYSTEM-REFERENCE-BERT': 0.8098452313445637, 'CNNDM-106-SYSTEM-REFERENCE-BERT': 0.7075729149446421, 'CNNDM-68-REFERENCE-SYSTEM-BERT': -0.8946933753207951, 'CNNDM-44-SYSTEM-REFERENCE-PG': -0.008333299854808511, 'CNNDM-129-REFERENCE-SYSTEM-BERT': 0.059848244411805834, 'CNNDM-90-REFERENCE-SYSTEM-BERT': 0.5030282821447991, 'CNNDM-67-REFERENCE-SYSTEM-PG': 1.6962053068105503, 'CNNDM-87-REFERENCE-SYSTEM-PG': 0.7757544592112565, 'CNNDM-42-SYSTEM-REFERENCE-BERT': -0.11060561625473003, 'CNNDM-91-REFERENCE-SYSTEM-BERT': 1.6280237625439358, 'CNNDM-77-REFERENCE-SYSTEM-BERT': -0.6901487425209519, 'CNNDM-134-SYSTEM-REFERENCE-BERT': 0.2643928772116489, 'CNNDM-122-SYSTEM-REFERENCE-BERT': 0.43484673787818473, 'CNNDM-20-REFERENCE-SYSTEM-PG': 0.6393913706780278, 'CNNDM-35-REFERENCE-SYSTEM-PG': -1.2356010966538669, 'CNNDM-92-SYSTEM-REFERENCE-PG': -0.04242407198811569, 'CNNDM-114-REFERENCE-SYSTEM-BERT': -0.04242407198811569, 'CNNDM-104-REFERENCE-SYSTEM-BERT': 0.673482142811335, 'CNNDM-66-SYSTEM-REFERENCE-BERT': -0.04242407198811569, 'CNNDM-17-SYSTEM-REFERENCE-PG': -1.4060549573204026, 'CNNDM-56-REFERENCE-SYSTEM-PG': -0.07651484412142286, 'CNNDM-34-SYSTEM-REFERENCE-PG': -1.7128719065201672, 'CNNDM-105-SYSTEM-REFERENCE-BERT': 1.662114534677243, 'CNNDM-66-REFERENCE-SYSTEM-BERT': -0.04242407198811569, 'CNNDM-75-SYSTEM-REFERENCE-PG': -1.67878113438686, 'CNNDM-9-SYSTEM-REFERENCE-BERT': -0.7924210589208736, 'CNNDM-48-SYSTEM-REFERENCE-PG': -0.07651484412142286, 'CNNDM-53-REFERENCE-SYSTEM-BERT': -1.7128719065201672, 'CNNDM-86-REFERENCE-SYSTEM-PG': -1.1333287802539453, 'CNNDM-131-REFERENCE-SYSTEM-PG': 0.02575747227849866, 'CNNDM-13-REFERENCE-SYSTEM-PG': -0.04242407198811569, 'CNNDM-51-REFERENCE-SYSTEM-BERT': -0.9628749195874093}"
3,3I7KR83SNADHDD2DTJR86IVGBKAK9J,A3LVLZS8S41ZD7,3NKQQ8O39Y5A6JIZPF5DMLJU1CCDUQ,Approved,10,72.78,"{'CNNDM-34-SYSTEM-REFERENCE-PG': -1.057610024236982, 'CNNDM-51-REFERENCE-SYSTEM-BERT': -0.7363107763675192, 'CNNDM-75-SYSTEM-REFERENCE-PG': -0.8166355883348849, 'CNNDM-36-REFERENCE-SYSTEM-BERT': 0.3882365911756009, 'CNNDM-43-REFERENCE-SYSTEM-PG': 1.5127839587187208, 'CNNDM-77-SYSTEM-REFERENCE-PG': -0.7363107763675192, 'CNNDM-134-SYSTEM-REFERENCE-BERT': 0.348074185191918, 'CNNDM-86-REFERENCE-SYSTEM-PG': -2.141994985796419, 'CNNDM-48-SYSTEM-REFERENCE-PG': -0.17403709259595915, 'CNNDM-81-REFERENCE-SYSTEM-PG': 0.8300230569961123, 'CNNDM-131-REFERENCE-SYSTEM-PG': -0.45517393448173915, 'CNNDM-17-REFERENCE-SYSTEM-PG': -1.7002085199759078, 'CNNDM-54-SYSTEM-REFERENCE-BERT': 0.2677493732245523, 'CNNDM-92-SYSTEM-REFERENCE-PG': -0.17403709259595915, 'CNNDM-91-REFERENCE-SYSTEM-BERT': 0.7496982450287466, 'CNNDM-17-SYSTEM-REFERENCE-PG': -1.4592340840738105, 'CNNDM-13-REFERENCE-SYSTEM-PG': -0.17403709259595915, 'CNNDM-75-SYSTEM-REFERENCE-BERT': 0.4283989971592837, 'CNNDM-33-REFERENCE-SYSTEM-BERT': -1.2182596481717134, 'CNNDM-20-REFERENCE-SYSTEM-PG': 0.629211027077698, 'CNNDM-35-REFERENCE-SYSTEM-PG': -0.8567979943185677, 'CNNDM-22-SYSTEM-REFERENCE-BERT': 1.3521343347839894, 'CNNDM-106-SYSTEM-REFERENCE-BERT': -0.3346867165306906, 'CNNDM-20-SYSTEM-REFERENCE-BERT': 1.8340832065881838, 'CNNDM-66-SYSTEM-REFERENCE-BERT': -0.3748491225143734, 'CNNDM-128-REFERENCE-SYSTEM-PG': -0.4150115284980563, 'CNNDM-77-REFERENCE-SYSTEM-BERT': 0.8300230569961123, 'CNNDM-68-REFERENCE-SYSTEM-BERT': 0.6693734330613809, 'CNNDM-66-REFERENCE-SYSTEM-BERT': -0.17403709259595915, 'CNNDM-67-REFERENCE-SYSTEM-PG': 1.7939208006045009, 'CNNDM-90-REFERENCE-SYSTEM-BERT': -0.17403709259595915, 'CNNDM-61-SYSTEM-REFERENCE-BERT': -1.057610024236982, 'CNNDM-42-SYSTEM-REFERENCE-BERT': 0.7898606510124294, 'CNNDM-44-SYSTEM-REFERENCE-PG': 1.5127839587187208, 'CNNDM-104-REFERENCE-SYSTEM-BERT': -0.13387468661227628, 'CNNDM-56-REFERENCE-SYSTEM-PG': 0.3882365911756009, 'CNNDM-53-REFERENCE-SYSTEM-BERT': -2.0616701738290533, 'CNNDM-129-REFERENCE-SYSTEM-BERT': 0.8300230569961123, 'CNNDM-105-SYSTEM-REFERENCE-BERT': 1.7135959886371352, 'CNNDM-2-SYSTEM-REFERENCE-BERT': -1.1780972421880307, 'CNNDM-122-SYSTEM-REFERENCE-BERT': 0.8701854629797952, 'CNNDM-114-REFERENCE-SYSTEM-BERT': -0.6961483703838363, 'CNNDM-122-REFERENCE-SYSTEM-PG': -0.17403709259595915, 'CNNDM-87-REFERENCE-SYSTEM-PG': 0.8701854629797952, 'CNNDM-9-SYSTEM-REFERENCE-BERT': -0.13387468661227628}"
4,3O71U79SRBPU8GYFN14F2QSASEKSMZ,A1MN2PWAV10VAB,3ND9UOO81K26WZVWXWI2NMCWVIJLW5,Approved,7,56.28,"{'CNNDM-109-SYSTEM-REFERENCE-BERT': -0.008254298023328723, 'CNNDM-131-SYSTEM-REFERENCE-PG': -0.008254298023328723, 'CNNDM-1-REFERENCE-SYSTEM-PG': -0.9633944978656775, 'CNNDM-126-REFERENCE-SYSTEM-BERT': -0.9633944978656775, 'CNNDM-14-REFERENCE-SYSTEM-PG': -0.326634364637445, 'CNNDM-130-SYSTEM-REFERENCE-BERT': -0.19928233799179848, 'CNNDM-4-REFERENCE-SYSTEM-BERT': -0.7723664578972077, 'CNNDM-85-REFERENCE-SYSTEM-BERT': -1.7911826710623797, 'CNNDM-44-REFERENCE-SYSTEM-BERT': -1.3454505778026171, 'CNNDM-8-SYSTEM-REFERENCE-BERT': -1.854858684385203, 'CNNDM-48-SYSTEM-REFERENCE-BERT': -0.7086904445743845, 'CNNDM-108-SYSTEM-REFERENCE-BERT': -0.39031037796026824, 'CNNDM-107-REFERENCE-SYSTEM-PG': -0.19928233799179848, 'CNNDM-125-SYSTEM-REFERENCE-BERT': -0.4539863912830915, 'CNNDM-76-REFERENCE-SYSTEM-PG': -0.07193031134615198, 'CNNDM-63-REFERENCE-SYSTEM-BERT': 0.6285058352049038, 'CNNDM-113-REFERENCE-SYSTEM-PG': -1.7275066577395566, 'CNNDM-101-REFERENCE-SYSTEM-BERT': -0.19928233799179848, 'CNNDM-41-SYSTEM-REFERENCE-PG': 0.24644975526796428, 'CNNDM-15-SYSTEM-REFERENCE-PG': -0.581338417928738, 'CNNDM-20-REFERENCE-SYSTEM-BERT': 0.3738017819136108, 'CNNDM-88-SYSTEM-REFERENCE-PG': -1.3454505778026171, 'CNNDM-95-REFERENCE-SYSTEM-PG': 0.6285058352049038, 'CNNDM-12-SYSTEM-REFERENCE-BERT': 0.24644975526796428, 'CNNDM-123-SYSTEM-REFERENCE-BERT': 1.392617995078783, 'CNNDM-125-REFERENCE-SYSTEM-PG': -0.326634364637445, 'CNNDM-127-SYSTEM-REFERENCE-PG': 0.6285058352049038, 'CNNDM-16-SYSTEM-REFERENCE-BERT': 0.6285058352049038, 'CNNDM-63-SYSTEM-REFERENCE-PG': -2.555294830936259, 'CNNDM-47-REFERENCE-SYSTEM-BERT': -1.1544225378341473, 'CNNDM-60-REFERENCE-SYSTEM-PG': 1.0742379284646666, 'CNNDM-61-REFERENCE-SYSTEM-BERT': -0.581338417928738, 'CNNDM-127-SYSTEM-REFERENCE-BERT': 1.0105619151418432, 'CNNDM-30-REFERENCE-SYSTEM-PG': 0.8195338751733736, 'CNNDM-39-SYSTEM-REFERENCE-PG': 1.9020261016613689, 'CNNDM-128-SYSTEM-REFERENCE-BERT': -0.9633944978656775, 'CNNDM-58-REFERENCE-SYSTEM-BERT': 0.6285058352049038, 'CNNDM-1-REFERENCE-SYSTEM-BERT': 1.8383500883385455, 'CNNDM-121-REFERENCE-SYSTEM-PG': 0.5011538085592573, 'CNNDM-58-SYSTEM-REFERENCE-PG': 1.1379139417874897, 'CNNDM-70-REFERENCE-SYSTEM-PG': -0.13560632466897524, 'CNNDM-132-SYSTEM-REFERENCE-BERT': 0.5648298218820805, 'CNNDM-11-REFERENCE-SYSTEM-PG': -0.8997184845428543, 'CNNDM-78-SYSTEM-REFERENCE-PG': 0.6285058352049038, 'CNNDM-107-SYSTEM-REFERENCE-BERT': 1.392617995078783, 'CNNDM-11-REFERENCE-SYSTEM-BERT': -0.39031037796026824, 'CNNDM-115-SYSTEM-REFERENCE-PG': 0.43747779523643404, 'CNNDM-72-SYSTEM-REFERENCE-BERT': 1.201589955110313, 'CNNDM-121-REFERENCE-SYSTEM-BERT': 0.05542171529949453, 'CNNDM-130-REFERENCE-SYSTEM-PG': 1.3289419817559596, 'CNNDM-133-SYSTEM-REFERENCE-BERT': 1.5836460350472525, 'CNNDM-67-REFERENCE-SYSTEM-BERT': 0.6285058352049038, 'CNNDM-20-SYSTEM-REFERENCE-PG': 0.692181848527727, 'CNNDM-71-REFERENCE-SYSTEM-BERT': -1.2817745644797938}"
4,3O71U79SRBPU8GYFN14F2QSASEKSMZ,A2E0X56TAIMWDQ,3KKG4CDWKIYZMVB3YT9TNL2ABV394A,Approved,9,64.08,"{'CNNDM-132-SYSTEM-REFERENCE-BERT': 0.7984881221221205, 'CNNDM-131-SYSTEM-REFERENCE-PG': 0.750632008254646, 'CNNDM-30-REFERENCE-SYSTEM-PG': 0.6070636666522226, 'CNNDM-20-SYSTEM-REFERENCE-PG': -1.4746772865829176, 'CNNDM-47-REFERENCE-SYSTEM-BERT': -1.4507492296491804, 'CNNDM-127-SYSTEM-REFERENCE-PG': 0.750632008254646, 'CNNDM-78-SYSTEM-REFERENCE-PG': -1.1875406033780707, 'CNNDM-127-SYSTEM-REFERENCE-BERT': 0.750632008254646, 'CNNDM-121-REFERENCE-SYSTEM-BERT': 0.750632008254646, 'CNNDM-11-REFERENCE-SYSTEM-PG': -1.2353967172455451, 'CNNDM-48-SYSTEM-REFERENCE-BERT': 0.43956726811606184, 'CNNDM-123-SYSTEM-REFERENCE-BERT': 0.7267039513209088, 'CNNDM-115-SYSTEM-REFERENCE-PG': 0.7745600651883833, 'CNNDM-41-SYSTEM-REFERENCE-PG': 0.6788478374534342, 'CNNDM-70-REFERENCE-SYSTEM-PG': 0.4156392111823246, 'CNNDM-121-REFERENCE-SYSTEM-PG': 0.7267039513209088, 'CNNDM-12-SYSTEM-REFERENCE-BERT': 0.750632008254646, 'CNNDM-44-REFERENCE-SYSTEM-BERT': -1.402893115781706, 'CNNDM-95-REFERENCE-SYSTEM-PG': 0.7027758943871716, 'CNNDM-109-SYSTEM-REFERENCE-BERT': 0.8224161790558577, 'CNNDM-60-REFERENCE-SYSTEM-PG': 0.750632008254646, 'CNNDM-1-REFERENCE-SYSTEM-PG': 0.750632008254646, 'CNNDM-107-REFERENCE-SYSTEM-PG': 0.7027758943871716, 'CNNDM-101-REFERENCE-SYSTEM-BERT': -1.4746772865829176, 'CNNDM-58-REFERENCE-SYSTEM-BERT': 0.5352794958510109, 'CNNDM-14-REFERENCE-SYSTEM-PG': 0.7984881221221205, 'CNNDM-11-REFERENCE-SYSTEM-BERT': 0.5592075527847481, 'CNNDM-39-SYSTEM-REFERENCE-PG': -1.402893115781706, 'CNNDM-67-REFERENCE-SYSTEM-BERT': -1.4268211727154432, 'CNNDM-15-SYSTEM-REFERENCE-PG': 0.6788478374534342, 'CNNDM-71-REFERENCE-SYSTEM-BERT': 0.750632008254646, 'CNNDM-1-REFERENCE-SYSTEM-BERT': 0.7984881221221205, 'CNNDM-16-SYSTEM-REFERENCE-BERT': 0.7745600651883833, 'CNNDM-126-REFERENCE-SYSTEM-BERT': -1.4507492296491804, 'CNNDM-4-REFERENCE-SYSTEM-BERT': 0.654919780519697, 'CNNDM-61-REFERENCE-SYSTEM-BERT': 0.7745600651883833, 'CNNDM-108-SYSTEM-REFERENCE-BERT': -1.4268211727154432, 'CNNDM-113-REFERENCE-SYSTEM-PG': 0.7745600651883833, 'CNNDM-63-REFERENCE-SYSTEM-BERT': -1.4507492296491804, 'CNNDM-8-SYSTEM-REFERENCE-BERT': -1.331108944980494, 'CNNDM-128-SYSTEM-REFERENCE-BERT': 0.6788478374534342, 'CNNDM-20-REFERENCE-SYSTEM-BERT': 0.7745600651883833, 'CNNDM-125-REFERENCE-SYSTEM-PG': 0.7984881221221205, 'CNNDM-63-SYSTEM-REFERENCE-PG': -1.4746772865829176, 'CNNDM-130-SYSTEM-REFERENCE-BERT': -1.4268211727154432, 'CNNDM-88-SYSTEM-REFERENCE-PG': 0.7984881221221205, 'CNNDM-133-SYSTEM-REFERENCE-BERT': 0.5831356097184853, 'CNNDM-107-SYSTEM-REFERENCE-BERT': -1.4268211727154432, 'CNNDM-125-SYSTEM-REFERENCE-BERT': -1.402893115781706, 'CNNDM-72-SYSTEM-REFERENCE-BERT': 0.6070636666522226, 'CNNDM-58-SYSTEM-REFERENCE-PG': 0.6309917235859598, 'CNNDM-85-REFERENCE-SYSTEM-BERT': 0.7267039513209088, 'CNNDM-76-REFERENCE-SYSTEM-PG': -1.4268211727154432, 'CNNDM-130-REFERENCE-SYSTEM-PG': -1.4746772865829176}"
4,3O71U79SRBPU8GYFN14F2QSASEKSMZ,A15GLNTVDPCXUQ,308Q0PEVB8DTU2AIJIBXHMCTGHSI9U,Approved,8,61.67,"{'CNNDM-123-SYSTEM-REFERENCE-BERT': 0.8307968580985357, 'CNNDM-63-SYSTEM-REFERENCE-PG': -1.0951413129480696, 'CNNDM-107-REFERENCE-SYSTEM-PG': -0.6042158967989351, 'CNNDM-11-REFERENCE-SYSTEM-PG': -2.3791000936458064, 'CNNDM-126-REFERENCE-SYSTEM-BERT': -0.7930333645486022, 'CNNDM-71-REFERENCE-SYSTEM-BERT': -1.0196143258482029, 'CNNDM-107-SYSTEM-REFERENCE-BERT': -1.2084317935978701, 'CNNDM-16-SYSTEM-REFERENCE-BERT': 0.6042158967989351, 'CNNDM-95-REFERENCE-SYSTEM-PG': 0.11329048064980031, 'CNNDM-115-SYSTEM-REFERENCE-PG': 0.5286889096990681, 'CNNDM-4-REFERENCE-SYSTEM-BERT': 0.8307968580985357, 'CNNDM-70-REFERENCE-SYSTEM-PG': -0.45316192259920124, 'CNNDM-128-SYSTEM-REFERENCE-BERT': 0.8685603516484691, 'CNNDM-113-REFERENCE-SYSTEM-PG': 0.6419793903488684, 'CNNDM-108-SYSTEM-REFERENCE-BERT': 0.9818508322982694, 'CNNDM-1-REFERENCE-SYSTEM-BERT': 1.2839587806977368, 'CNNDM-30-REFERENCE-SYSTEM-PG': 0.8307968580985357, 'CNNDM-132-SYSTEM-REFERENCE-BERT': 1.0573778193981362, 'CNNDM-133-SYSTEM-REFERENCE-BERT': 1.0196143258482029, 'CNNDM-39-SYSTEM-REFERENCE-PG': -0.07552698709986688, 'CNNDM-1-REFERENCE-SYSTEM-PG': -0.15105397419973376, 'CNNDM-20-REFERENCE-SYSTEM-BERT': 1.2839587806977368, 'CNNDM-125-REFERENCE-SYSTEM-PG': -1.812647690396805, 'CNNDM-67-REFERENCE-SYSTEM-BERT': -1.548303235547271, 'CNNDM-44-REFERENCE-SYSTEM-BERT': 0.11329048064980031, 'CNNDM-78-SYSTEM-REFERENCE-PG': -1.5105397419973374, 'CNNDM-130-SYSTEM-REFERENCE-BERT': -2.492390574295607, 'CNNDM-121-REFERENCE-SYSTEM-PG': -0.30210794839946753, 'CNNDM-131-SYSTEM-REFERENCE-PG': 0.33987144194940094, 'CNNDM-130-REFERENCE-SYSTEM-PG': -0.7175063774487354, 'CNNDM-12-SYSTEM-REFERENCE-BERT': 0.33987144194940094, 'CNNDM-125-SYSTEM-REFERENCE-BERT': 0.37763493549933436, 'CNNDM-48-SYSTEM-REFERENCE-BERT': 0.22658096129960062, 'CNNDM-41-SYSTEM-REFERENCE-PG': -0.6042158967989351, 'CNNDM-109-SYSTEM-REFERENCE-BERT': 0.7930333645486022, 'CNNDM-88-SYSTEM-REFERENCE-PG': 0.0, 'CNNDM-11-REFERENCE-SYSTEM-BERT': 1.1329048064980032, 'CNNDM-72-SYSTEM-REFERENCE-BERT': 1.2839587806977368, 'CNNDM-15-SYSTEM-REFERENCE-PG': -0.9818508322982694, 'CNNDM-101-REFERENCE-SYSTEM-BERT': -0.5664524032490016, 'CNNDM-76-REFERENCE-SYSTEM-PG': -1.548303235547271, 'CNNDM-20-SYSTEM-REFERENCE-PG': 1.1706683000479365, 'CNNDM-60-REFERENCE-SYSTEM-PG': 1.0196143258482029, 'CNNDM-58-SYSTEM-REFERENCE-PG': -1.548303235547271, 'CNNDM-58-REFERENCE-SYSTEM-BERT': 1.0196143258482029, 'CNNDM-47-REFERENCE-SYSTEM-BERT': -0.8685603516484691, 'CNNDM-85-REFERENCE-SYSTEM-BERT': 1.0573778193981362, 'CNNDM-127-SYSTEM-REFERENCE-PG': -0.6042158967989351, 'CNNDM-121-REFERENCE-SYSTEM-BERT': 0.30210794839946753, 'CNNDM-8-SYSTEM-REFERENCE-BERT': 0.8685603516484691, 'CNNDM-14-REFERENCE-SYSTEM-PG': 0.33987144194940094, 'CNNDM-61-REFERENCE-SYSTEM-BERT': 1.0196143258482029, 'CNNDM-127-SYSTEM-REFERENCE-BERT': 0.33987144194940094, 'CNNDM-63-REFERENCE-SYSTEM-BERT': 0.26434445484953406}"
5,3H6W48L9F4PT00C1ZM68GJPQ3WRPW7,A28T38MOUG43YD,3TESA3PJ31AUX5J3T6DUE1PUXPOMMI,Approved,7,68.1,"{'CNNDM-48-REFERENCE-SYSTEM-BERT': 0.09417012032480043, 'CNNDM-113-SYSTEM-REFERENCE-BERT': 0.1305164825554251, 'CNNDM-63-REFERENCE-SYSTEM-PG': -1.9048798023595575, 'CNNDM-17-REFERENCE-SYSTEM-BERT': -2.1229579757433057, 'CNNDM-120-REFERENCE-SYSTEM-BERT': -1.9775725268208069, 'CNNDM-82-REFERENCE-SYSTEM-PG': 0.1305164825554251, 'CNNDM-23-REFERENCE-SYSTEM-PG': -1.9048798023595575, 'CNNDM-134-REFERENCE-SYSTEM-BERT': 0.6393655537841708, 'CNNDM-57-REFERENCE-SYSTEM-BERT': 0.6030191915535461, 'CNNDM-110-REFERENCE-SYSTEM-PG': 0.1305164825554251, 'CNNDM-125-REFERENCE-SYSTEM-BERT': 0.6030191915535461, 'CNNDM-82-SYSTEM-REFERENCE-PG': 1.5116782473191634, 'CNNDM-87-SYSTEM-REFERENCE-PG': -0.7417962109795675, 'CNNDM-79-SYSTEM-REFERENCE-PG': 0.27590193147792386, 'CNNDM-132-REFERENCE-SYSTEM-BERT': 1.2209073494741658, 'CNNDM-122-SYSTEM-REFERENCE-PG': -0.3056398642120712, 'CNNDM-35-SYSTEM-REFERENCE-PG': 0.34859465593917327, 'CNNDM-73-SYSTEM-REFERENCE-BERT': 0.2032092070166745, 'CNNDM-79-SYSTEM-REFERENCE-BERT': 0.27590193147792386, 'CNNDM-72-REFERENCE-SYSTEM-BERT': -0.7054498487489428, 'CNNDM-26-REFERENCE-SYSTEM-BERT': 0.6030191915535461, 'CNNDM-105-REFERENCE-SYSTEM-PG': -0.7054498487489428, 'CNNDM-35-SYSTEM-REFERENCE-BERT': -0.3056398642120712, 'CNNDM-73-REFERENCE-SYSTEM-PG': 1.0391755383210424, 'CNNDM-61-REFERENCE-SYSTEM-PG': 0.966482813859793, 'CNNDM-13-REFERENCE-SYSTEM-BERT': -1.2142989199776884, 'CNNDM-65-REFERENCE-SYSTEM-BERT': 1.0391755383210424, 'CNNDM-111-SYSTEM-REFERENCE-BERT': -2.1229579757433057, 'CNNDM-31-SYSTEM-REFERENCE-PG': 0.021477395863551046, 'CNNDM-37-REFERENCE-SYSTEM-BERT': -0.3056398642120712, 'CNNDM-123-REFERENCE-SYSTEM-BERT': -0.3056398642120712, 'CNNDM-2-REFERENCE-SYSTEM-PG': -1.2506452822083132, 'CNNDM-92-SYSTEM-REFERENCE-BERT': 1.1118682627822918, 'CNNDM-108-REFERENCE-SYSTEM-PG': 0.2032092070166745, 'CNNDM-103-REFERENCE-SYSTEM-PG': 0.2032092070166745, 'CNNDM-65-SYSTEM-REFERENCE-PG': 0.966482813859793, 'CNNDM-75-REFERENCE-SYSTEM-PG': -1.6868016289758094, 'CNNDM-4-REFERENCE-SYSTEM-PG': 0.16686284478604982, 'CNNDM-96-REFERENCE-SYSTEM-PG': 1.075521900551667, 'CNNDM-1-SYSTEM-REFERENCE-BERT': 1.5116782473191634, 'CNNDM-7-SYSTEM-REFERENCE-PG': 0.6030191915535461, 'CNNDM-91-SYSTEM-REFERENCE-PG': 0.6757119160147955, 'CNNDM-0-SYSTEM-REFERENCE-BERT': 0.6030191915535461, 'CNNDM-9-REFERENCE-SYSTEM-PG': 0.6030191915535461}"
5,3H6W48L9F4PT00C1ZM68GJPQ3WRPW7,A27VFM67RPD2L5,3SEPORI8WNZTUB9XBSDJDCQ3I8OAZ2,Approved,10,64.8,"{'CNNDM-87-SYSTEM-REFERENCE-PG': 0.5401170153858992, 'CNNDM-73-SYSTEM-REFERENCE-BERT': -0.7897017733981556, 'CNNDM-75-REFERENCE-SYSTEM-PG': -0.5752148719813726, 'CNNDM-37-REFERENCE-SYSTEM-BERT': -0.8754965339648688, 'CNNDM-120-REFERENCE-SYSTEM-BERT': 0.4972196351025426, 'CNNDM-82-SYSTEM-REFERENCE-PG': -2.4626996044490634, 'CNNDM-13-REFERENCE-SYSTEM-BERT': 0.23983535340240295, 'CNNDM-122-SYSTEM-REFERENCE-PG': 1.2693724802029616, 'CNNDM-23-REFERENCE-SYSTEM-PG': -2.6342891255824896, 'CNNDM-79-SYSTEM-REFERENCE-BERT': -0.44652273113130275, 'CNNDM-65-REFERENCE-SYSTEM-BERT': 1.0548855787861784, 'CNNDM-105-REFERENCE-SYSTEM-PG': 1.4838593816197445, 'CNNDM-48-REFERENCE-SYSTEM-BERT': -0.017548928297736684, 'CNNDM-111-SYSTEM-REFERENCE-BERT': 0.8403986773693954, 'CNNDM-57-REFERENCE-SYSTEM-BERT': -0.7897017733981556, 'CNNDM-63-REFERENCE-SYSTEM-PG': -0.5752148719813726, 'CNNDM-82-REFERENCE-SYSTEM-PG': -2.033725801615497, 'CNNDM-73-REFERENCE-SYSTEM-PG': -0.44652273113130275, 'CNNDM-132-REFERENCE-SYSTEM-BERT': 1.2693724802029616, 'CNNDM-110-REFERENCE-SYSTEM-PG': 0.6259117759526124, 'CNNDM-35-SYSTEM-REFERENCE-BERT': -1.5618546184985744, 'CNNDM-17-REFERENCE-SYSTEM-BERT': 0.4972196351025426, 'CNNDM-96-REFERENCE-SYSTEM-PG': 1.226475099919605, 'CNNDM-0-SYSTEM-REFERENCE-BERT': 0.668809156235969, 'CNNDM-1-SYSTEM-REFERENCE-BERT': 1.3980646210530314, 'CNNDM-4-REFERENCE-SYSTEM-PG': 0.7546039168026822, 'CNNDM-7-SYSTEM-REFERENCE-PG': -0.44652273113130275, 'CNNDM-79-SYSTEM-REFERENCE-PG': 0.15404059283568974, 'CNNDM-123-REFERENCE-SYSTEM-BERT': -0.18913844943116312, 'CNNDM-2-REFERENCE-SYSTEM-PG': 1.226475099919605, 'CNNDM-103-REFERENCE-SYSTEM-PG': -0.10334368886444989, 'CNNDM-26-REFERENCE-SYSTEM-BERT': 0.3685274942524728, 'CNNDM-9-REFERENCE-SYSTEM-PG': 0.4972196351025426, 'CNNDM-108-REFERENCE-SYSTEM-PG': -1.1328808156650085, 'CNNDM-31-SYSTEM-REFERENCE-PG': 1.0119881985028218, 'CNNDM-134-REFERENCE-SYSTEM-BERT': 0.4972196351025426, 'CNNDM-65-SYSTEM-REFERENCE-PG': 0.15404059283568974, 'CNNDM-125-REFERENCE-SYSTEM-BERT': 0.4972196351025426, 'CNNDM-91-SYSTEM-REFERENCE-PG': -0.532317491698016, 'CNNDM-113-SYSTEM-REFERENCE-BERT': 0.4972196351025426, 'CNNDM-61-REFERENCE-SYSTEM-PG': -0.8325991536815122, 'CNNDM-72-REFERENCE-SYSTEM-BERT': 0.7546039168026822, 'CNNDM-35-SYSTEM-REFERENCE-PG': -1.2186755762317216, 'CNNDM-92-SYSTEM-REFERENCE-BERT': -0.36072797056458955}"
5,3H6W48L9F4PT00C1ZM68GJPQ3WRPW7,A25FH7PXC446RG,3QIYRE09Y3H3JYIECL9W7OQR40A1NO,Approved,7,72.5,"{'CNNDM-13-REFERENCE-SYSTEM-BERT': -0.33219167294913604, 'CNNDM-31-SYSTEM-REFERENCE-PG': 2.759012301961363, 'CNNDM-125-REFERENCE-SYSTEM-BERT': 1.8049370010630608, 'CNNDM-79-SYSTEM-REFERENCE-BERT': 0.5073945918413698, 'CNNDM-123-REFERENCE-SYSTEM-BERT': -0.5230067331287965, 'CNNDM-7-SYSTEM-REFERENCE-PG': -0.7901478173803211, 'CNNDM-75-REFERENCE-SYSTEM-PG': -0.8283108294162532, 'CNNDM-73-REFERENCE-SYSTEM-PG': -0.8283108294162532, 'CNNDM-79-SYSTEM-REFERENCE-PG': 0.08760145944611689, 'CNNDM-103-REFERENCE-SYSTEM-PG': -0.7901478173803211, 'CNNDM-96-REFERENCE-SYSTEM-PG': -0.3703546849850681, 'CNNDM-26-REFERENCE-SYSTEM-BERT': 1.42330688070374, 'CNNDM-122-SYSTEM-REFERENCE-PG': 1.041676760344419, 'CNNDM-63-REFERENCE-SYSTEM-PG': -0.8664738414521852, 'CNNDM-82-SYSTEM-REFERENCE-PG': -0.9046368534881173, 'CNNDM-1-SYSTEM-REFERENCE-BERT': -0.8283108294162532, 'CNNDM-110-REFERENCE-SYSTEM-PG': 0.0494384474101848, 'CNNDM-108-REFERENCE-SYSTEM-PG': -0.713821793308457, 'CNNDM-113-SYSTEM-REFERENCE-BERT': -0.6374957692365928, 'CNNDM-0-SYSTEM-REFERENCE-BERT': 1.0035137483084868, 'CNNDM-82-REFERENCE-SYSTEM-PG': -0.8283108294162532, 'CNNDM-91-SYSTEM-REFERENCE-PG': -0.5230067331287965, 'CNNDM-92-SYSTEM-REFERENCE-BERT': 0.0494384474101848, 'CNNDM-132-REFERENCE-SYSTEM-BERT': 0.01127543537425271, 'CNNDM-48-REFERENCE-SYSTEM-BERT': 0.39290555573357355, 'CNNDM-2-REFERENCE-SYSTEM-PG': -0.6374957692365928, 'CNNDM-35-SYSTEM-REFERENCE-PG': -0.8283108294162532, 'CNNDM-37-REFERENCE-SYSTEM-BERT': -0.8283108294162532, 'CNNDM-57-REFERENCE-SYSTEM-BERT': 0.9653507362725549, 'CNNDM-65-SYSTEM-REFERENCE-PG': 0.9653507362725549, 'CNNDM-111-SYSTEM-REFERENCE-BERT': 1.0035137483084868, 'CNNDM-17-REFERENCE-SYSTEM-BERT': -0.9046368534881173, 'CNNDM-61-REFERENCE-SYSTEM-PG': -0.6756587812725249, 'CNNDM-73-SYSTEM-REFERENCE-BERT': -0.751984805344389, 'CNNDM-23-REFERENCE-SYSTEM-PG': -0.9046368534881173, 'CNNDM-105-REFERENCE-SYSTEM-PG': 2.415545193637974, 'CNNDM-4-REFERENCE-SYSTEM-PG': 1.1561657964522152, 'CNNDM-72-REFERENCE-SYSTEM-BERT': 1.3088178445959435, 'CNNDM-120-REFERENCE-SYSTEM-BERT': -0.9046368534881173, 'CNNDM-87-SYSTEM-REFERENCE-PG': 1.499632904775604, 'CNNDM-35-SYSTEM-REFERENCE-BERT': -0.713821793308457, 'CNNDM-65-REFERENCE-SYSTEM-BERT': 0.20209049555391315, 'CNNDM-9-REFERENCE-SYSTEM-PG': -0.8283108294162532, 'CNNDM-134-REFERENCE-SYSTEM-BERT': -0.9046368534881173}"
6,3YCT0L9OMM90QYJFZ2JFF5HAX4USNZ,A1CA6ZXKK09ZRI,3C44YUNSI1PXEEA38T6JCFWVTCFPDZ,Approved,8,65.07,"{'CNNDM-89-REFERENCE-SYSTEM-PG': 1.0479859379720489, 'CNNDM-52-SYSTEM-REFERENCE-BERT': 1.0161054596000836, 'CNNDM-59-SYSTEM-REFERENCE-PG': -1.1198865913215872, 'CNNDM-3-SYSTEM-REFERENCE-BERT': -0.8010818076019349, 'CNNDM-24-SYSTEM-REFERENCE-BERT': -1.4068108966692745, 'CNNDM-24-SYSTEM-REFERENCE-PG': -0.9923646778337264, 'CNNDM-33-SYSTEM-REFERENCE-BERT': 0.6335397191365008, 'CNNDM-73-SYSTEM-REFERENCE-PG': -0.6097989373701435, 'CNNDM-85-SYSTEM-REFERENCE-BERT': -0.6097989373701435, 'CNNDM-84-SYSTEM-REFERENCE-BERT': 0.6654201975084659, 'CNNDM-17-SYSTEM-REFERENCE-BERT': -0.9286037210897958, 'CNNDM-2-REFERENCE-SYSTEM-BERT': 1.207388329831875, 'CNNDM-70-SYSTEM-REFERENCE-BERT': -0.4185160671383521, 'CNNDM-95-SYSTEM-REFERENCE-PG': 1.5899540702954578, 'CNNDM-30-SYSTEM-REFERENCE-PG': 0.02781063006916122, 'CNNDM-5-REFERENCE-SYSTEM-PG': -0.29099415365049114, 'CNNDM-26-SYSTEM-REFERENCE-PG': -1.0242451562056916, 'CNNDM-82-REFERENCE-SYSTEM-BERT': -0.5141575022542478, 'CNNDM-111-REFERENCE-SYSTEM-PG': -0.8329622859739002, 'CNNDM-40-REFERENCE-SYSTEM-BERT': 1.6855955054113536, 'CNNDM-116-SYSTEM-REFERENCE-BERT': -1.2474085048094483, 'CNNDM-115-SYSTEM-REFERENCE-BERT': 1.7812369405272492, 'CNNDM-45-REFERENCE-SYSTEM-PG': -1.1198865913215872, 'CNNDM-134-SYSTEM-REFERENCE-PG': 0.15533254355702217, 'CNNDM-117-REFERENCE-SYSTEM-BERT': -0.4503965455103173, 'CNNDM-36-SYSTEM-REFERENCE-PG': 0.5697787623925702, 'CNNDM-5-REFERENCE-SYSTEM-BERT': -0.8648427643458654, 'CNNDM-110-SYSTEM-REFERENCE-PG': -0.29099415365049114, 'CNNDM-130-REFERENCE-SYSTEM-BERT': -0.8010818076019349, 'CNNDM-100-REFERENCE-SYSTEM-PG': -0.5141575022542478, 'CNNDM-60-SYSTEM-REFERENCE-PG': 1.207388329831875, 'CNNDM-8-SYSTEM-REFERENCE-PG': 1.749356462155284, 'CNNDM-83-REFERENCE-SYSTEM-PG': -0.06783080504673449, 'CNNDM-94-SYSTEM-REFERENCE-PG': 0.4741373272766745, 'CNNDM-95-REFERENCE-SYSTEM-BERT': -1.4068108966692745, 'CNNDM-127-REFERENCE-SYSTEM-PG': 0.3147349354168483, 'CNNDM-3-SYSTEM-REFERENCE-PG': -0.19535271853459543, 'CNNDM-15-REFERENCE-SYSTEM-BERT': 0.5697787623925702, 'CNNDM-36-REFERENCE-SYSTEM-PG': -0.7692013292299696, 'CNNDM-23-SYSTEM-REFERENCE-PG': 1.7812369405272492, 'CNNDM-111-SYSTEM-REFERENCE-PG': 1.6855955054113536, 'CNNDM-99-SYSTEM-REFERENCE-BERT': 1.1436273730879445, 'CNNDM-54-REFERENCE-SYSTEM-BERT': -0.09971128341869973, 'CNNDM-90-SYSTEM-REFERENCE-PG': -1.4068108966692745, 'CNNDM-31-REFERENCE-SYSTEM-PG': -0.8010818076019349, 'CNNDM-64-REFERENCE-SYSTEM-PG': -0.9604841994617611, 'CNNDM-97-REFERENCE-SYSTEM-BERT': 1.23926880820384}"
6,3YCT0L9OMM90QYJFZ2JFF5HAX4USNZ,AW5O1RK3W60FC,36U2A8VAG1ZZ1Y8ERXOPTJKXHQDYKD,Approved,9,71.35,"{'CNNDM-85-SYSTEM-REFERENCE-BERT': 1.5449705631196087, 'CNNDM-30-SYSTEM-REFERENCE-PG': -0.6369289701322425, 'CNNDM-70-SYSTEM-REFERENCE-BERT': -0.9860328954525387, 'CNNDM-111-SYSTEM-REFERENCE-PG': -0.8551189234574276, 'CNNDM-116-SYSTEM-REFERENCE-BERT': -1.1605848581126867, 'CNNDM-8-SYSTEM-REFERENCE-PG': -0.025997100821724125, 'CNNDM-54-REFERENCE-SYSTEM-BERT': -1.55332677409802, 'CNNDM-36-SYSTEM-REFERENCE-PG': -0.1569110728168352, 'CNNDM-134-SYSTEM-REFERENCE-PG': 1.806798507109831, 'CNNDM-26-SYSTEM-REFERENCE-PG': 0.0176408898433129, 'CNNDM-33-SYSTEM-REFERENCE-BERT': -0.3314630354769833, 'CNNDM-95-SYSTEM-REFERENCE-PG': 2.243178413760201, 'CNNDM-110-SYSTEM-REFERENCE-PG': 0.45402079649368315, 'CNNDM-97-REFERENCE-SYSTEM-BERT': -1.0733088767826127, 'CNNDM-115-SYSTEM-REFERENCE-BERT': 0.45402079649368315, 'CNNDM-60-SYSTEM-REFERENCE-PG': 0.8904007031440534, 'CNNDM-17-SYSTEM-REFERENCE-BERT': 0.45402079649368315, 'CNNDM-94-SYSTEM-REFERENCE-PG': -0.37510102614202034, 'CNNDM-3-SYSTEM-REFERENCE-PG': -1.727878736758168, 'CNNDM-24-SYSTEM-REFERENCE-PG': 0.8904007031440534, 'CNNDM-24-SYSTEM-REFERENCE-BERT': 1.2831426191293867, 'CNNDM-95-REFERENCE-SYSTEM-BERT': 0.9776766844741275, 'CNNDM-40-REFERENCE-SYSTEM-BERT': 0.061278880508349926, 'CNNDM-31-REFERENCE-SYSTEM-PG': -0.6369289701322425, 'CNNDM-89-REFERENCE-SYSTEM-PG': -0.6369289701322425, 'CNNDM-5-REFERENCE-SYSTEM-PG': -0.24418705414690925, 'CNNDM-15-REFERENCE-SYSTEM-BERT': -0.8987569141224646, 'CNNDM-82-REFERENCE-SYSTEM-BERT': 1.1085906564692385, 'CNNDM-59-SYSTEM-REFERENCE-PG': -0.8551189234574276, 'CNNDM-23-SYSTEM-REFERENCE-PG': -1.727878736758168, 'CNNDM-130-REFERENCE-SYSTEM-BERT': -1.727878736758168, 'CNNDM-73-SYSTEM-REFERENCE-PG': -0.06963509148676116, 'CNNDM-83-REFERENCE-SYSTEM-PG': 0.8031247218139793, 'CNNDM-5-REFERENCE-SYSTEM-BERT': -0.6369289701322425, 'CNNDM-2-REFERENCE-SYSTEM-BERT': -1.2042228487777238, 'CNNDM-99-SYSTEM-REFERENCE-BERT': 1.5449705631196087, 'CNNDM-127-REFERENCE-SYSTEM-PG': 0.061278880508349926, 'CNNDM-100-REFERENCE-SYSTEM-PG': -0.8987569141224646, 'CNNDM-52-SYSTEM-REFERENCE-BERT': 1.6322465444496828, 'CNNDM-36-REFERENCE-SYSTEM-PG': 0.061278880508349926, 'CNNDM-90-SYSTEM-REFERENCE-PG': -0.6369289701322425, 'CNNDM-117-REFERENCE-SYSTEM-BERT': -0.11327308215179817, 'CNNDM-64-REFERENCE-SYSTEM-PG': 0.23583084316849803, 'CNNDM-111-REFERENCE-SYSTEM-PG': 1.1085906564692385, 'CNNDM-84-SYSTEM-REFERENCE-BERT': 0.45402079649368315, 'CNNDM-3-SYSTEM-REFERENCE-BERT': 1.1522286471342755, 'CNNDM-45-REFERENCE-SYSTEM-PG': -0.06963509148676116}"
6,37OPIVELUU34G6BAF42BPLQ8PNTHA0,A2ILUP6FN8HKKC,3P4RDNWND56I0ENR5U2A6GQWCM5IJQ,Approved,10,66.95,"{'CNNDM-115-SYSTEM-REFERENCE-BERT': -0.8043795321352115, 'CNNDM-94-SYSTEM-REFERENCE-PG': 1.8232602728398126, 'CNNDM-40-REFERENCE-SYSTEM-BERT': 0.5362530214234743, 'CNNDM-84-SYSTEM-REFERENCE-BERT': -1.126131344989296, 'CNNDM-36-SYSTEM-REFERENCE-PG': -0.5362530214234743, 'CNNDM-33-SYSTEM-REFERENCE-BERT': -0.750754229992864, 'CNNDM-90-SYSTEM-REFERENCE-PG': -0.8043795321352115, 'CNNDM-111-REFERENCE-SYSTEM-PG': -0.8580048342775589, 'CNNDM-99-SYSTEM-REFERENCE-BERT': 0.3217518128540846, 'CNNDM-95-SYSTEM-REFERENCE-PG': 2.09138678355155, 'CNNDM-3-SYSTEM-REFERENCE-BERT': -0.8580048342775589, 'CNNDM-116-SYSTEM-REFERENCE-BERT': -0.3217518128540846, 'CNNDM-60-SYSTEM-REFERENCE-PG': 1.4478831578433806, 'CNNDM-100-REFERENCE-SYSTEM-PG': -0.21450120856938973, 'CNNDM-95-REFERENCE-SYSTEM-BERT': 1.0725060428469486, 'CNNDM-24-SYSTEM-REFERENCE-BERT': 2.359513294263287, 'CNNDM-17-SYSTEM-REFERENCE-BERT': 0.5362530214234743, 'CNNDM-73-SYSTEM-REFERENCE-PG': -0.8043795321352115, 'CNNDM-127-REFERENCE-SYSTEM-PG': -0.21450120856938973, 'CNNDM-70-SYSTEM-REFERENCE-BERT': -0.21450120856938973, 'CNNDM-26-SYSTEM-REFERENCE-PG': 0.6435036257081692, 'CNNDM-59-SYSTEM-REFERENCE-PG': -0.8043795321352115, 'CNNDM-117-REFERENCE-SYSTEM-BERT': -0.5898783235658217, 'CNNDM-134-SYSTEM-REFERENCE-PG': 1.7696349706974652, 'CNNDM-45-REFERENCE-SYSTEM-PG': -0.1608759064270423, 'CNNDM-5-REFERENCE-SYSTEM-PG': -0.375377114996432, 'CNNDM-8-SYSTEM-REFERENCE-PG': -0.5898783235658217, 'CNNDM-110-SYSTEM-REFERENCE-PG': 1.2870072514163384, 'CNNDM-89-REFERENCE-SYSTEM-PG': 0.21450120856938973, 'CNNDM-23-SYSTEM-REFERENCE-PG': -2.1986373878362446, 'CNNDM-5-REFERENCE-SYSTEM-BERT': -0.8580048342775589, 'CNNDM-2-REFERENCE-SYSTEM-BERT': -1.0725060428469486, 'CNNDM-54-REFERENCE-SYSTEM-BERT': -0.9652554385622538, 'CNNDM-97-REFERENCE-SYSTEM-BERT': 0.4826277192811269, 'CNNDM-3-SYSTEM-REFERENCE-PG': -0.42900241713877946, 'CNNDM-30-SYSTEM-REFERENCE-PG': -0.375377114996432, 'CNNDM-64-REFERENCE-SYSTEM-PG': -0.26812651071173715, 'CNNDM-111-SYSTEM-REFERENCE-PG': 0.6435036257081692, 'CNNDM-85-SYSTEM-REFERENCE-BERT': 1.233381949273991, 'CNNDM-83-REFERENCE-SYSTEM-PG': -1.3406325535586858, 'CNNDM-36-REFERENCE-SYSTEM-PG': -0.1608759064270423, 'CNNDM-52-SYSTEM-REFERENCE-BERT': 1.3942578557010332, 'CNNDM-15-REFERENCE-SYSTEM-BERT': -0.3217518128540846, 'CNNDM-31-REFERENCE-SYSTEM-PG': -0.750754229992864, 'CNNDM-82-REFERENCE-SYSTEM-BERT': 0.4826277192811269, 'CNNDM-24-SYSTEM-REFERENCE-PG': 1.2870072514163384, 'CNNDM-130-REFERENCE-SYSTEM-BERT': -0.8580048342775589}"
7,334ZEL5JX6FI8JJR0HJSUUHFNEZSOE,A14WLAP6TCEKO0,32Q90QCQ1SL1VTRNRWCVMGSHZE9EKF,Approved,8,65.98,"{'CNNDM-74-REFERENCE-SYSTEM-PG': -0.26121835130115956, 'CNNDM-62-SYSTEM-REFERENCE-PG': -1.591181236515941, 'CNNDM-74-SYSTEM-REFERENCE-PG': -0.2271167388597549, 'CNNDM-72-SYSTEM-REFERENCE-PG': 0.6595251846167661, 'CNNDM-86-REFERENCE-SYSTEM-BERT': -2.4437215475510574, 'CNNDM-18-REFERENCE-SYSTEM-BERT': 0.966439696589408, 'CNNDM-64-SYSTEM-REFERENCE-PG': 0.8641348592651941, 'CNNDM-43-SYSTEM-REFERENCE-BERT': 0.966439696589408, 'CNNDM-118-SYSTEM-REFERENCE-BERT': 0.966439696589408, 'CNNDM-70-SYSTEM-REFERENCE-PG': 0.3867122850855289, 'CNNDM-120-SYSTEM-REFERENCE-BERT': -0.7045393130394201, 'CNNDM-33-SYSTEM-REFERENCE-PG': -1.5570796240745364, 'CNNDM-39-SYSTEM-REFERENCE-BERT': 0.8982364717065987, 'CNNDM-123-SYSTEM-REFERENCE-PG': -1.591181236515941, 'CNNDM-129-REFERENCE-SYSTEM-PG': 0.7618300219409802, 'CNNDM-110-SYSTEM-REFERENCE-BERT': 0.8982364717065987, 'CNNDM-86-SYSTEM-REFERENCE-BERT': -2.4437215475510574, 'CNNDM-6-SYSTEM-REFERENCE-BERT': -0.022507064211326956, 'CNNDM-122-REFERENCE-SYSTEM-BERT': 0.8641348592651941, 'CNNDM-133-REFERENCE-SYSTEM-BERT': 0.966439696589408, 'CNNDM-64-REFERENCE-SYSTEM-BERT': -2.307315097785439, 'CNNDM-78-REFERENCE-SYSTEM-BERT': -0.49992963839099214, 'CNNDM-39-REFERENCE-SYSTEM-PG': 0.8641348592651941, 'CNNDM-66-SYSTEM-REFERENCE-PG': 0.35261067264412427, 'CNNDM-13-SYSTEM-REFERENCE-BERT': 0.21620422287850563, 'CNNDM-76-SYSTEM-REFERENCE-PG': 0.7618300219409802, 'CNNDM-56-SYSTEM-REFERENCE-PG': 0.7277284094995754, 'CNNDM-21-REFERENCE-SYSTEM-BERT': -2.3414167102268433, 'CNNDM-35-REFERENCE-SYSTEM-BERT': 0.42081389752693354, 'CNNDM-50-REFERENCE-SYSTEM-BERT': 0.8300332468237894, 'CNNDM-89-SYSTEM-REFERENCE-PG': -0.05660867665273161, 'CNNDM-25-REFERENCE-SYSTEM-BERT': 0.966439696589408, 'CNNDM-0-REFERENCE-SYSTEM-PG': 0.35261067264412427, 'CNNDM-70-REFERENCE-SYSTEM-BERT': 0.21620422287850563, 'CNNDM-21-REFERENCE-SYSTEM-PG': 0.7618300219409802, 'CNNDM-62-REFERENCE-SYSTEM-BERT': -0.49992963839099214, 'CNNDM-69-REFERENCE-SYSTEM-PG': 0.11389938555429166, 'CNNDM-43-SYSTEM-REFERENCE-PG': 0.966439696589408, 'CNNDM-12-REFERENCE-SYSTEM-BERT': 0.8300332468237894, 'CNNDM-104-REFERENCE-SYSTEM-PG': 0.6936267970581708, 'CNNDM-108-SYSTEM-REFERENCE-PG': -0.05660867665273161, 'CNNDM-123-REFERENCE-SYSTEM-PG': -0.7386409254808247, 'CNNDM-28-SYSTEM-REFERENCE-PG': -0.09071028909413627, 'CNNDM-41-REFERENCE-SYSTEM-PG': -0.8409457628050386, 'CNNDM-117-REFERENCE-SYSTEM-PG': 0.6595251846167661, 'CNNDM-19-REFERENCE-SYSTEM-BERT': -1.0796570498948712, 'CNNDM-3-REFERENCE-SYSTEM-PG': 0.7959316343823848, 'CNNDM-19-REFERENCE-SYSTEM-PG': -0.6363360881566107, 'CNNDM-77-SYSTEM-REFERENCE-BERT': 0.14800099799569633, 'CNNDM-72-REFERENCE-SYSTEM-PG': 0.11389938555429166}"
7,334ZEL5JX6FI8JJR0HJSUUHFNEZSOE,A1EXO9HRNQYHWC,33LK57MYLT5XU7VRSSZAYCK94E5SZQ,Approved,8,66.43,"{'CNNDM-21-REFERENCE-SYSTEM-BERT': -1.0307785689874964, 'CNNDM-3-REFERENCE-SYSTEM-PG': -1.0932121588716572, 'CNNDM-39-SYSTEM-REFERENCE-BERT': 0.7173619477690085, 'CNNDM-86-SYSTEM-REFERENCE-BERT': -1.623897672887025, 'CNNDM-78-REFERENCE-SYSTEM-BERT': -0.0630579257830026, 'CNNDM-70-REFERENCE-SYSTEM-BERT': -0.1254915156671635, 'CNNDM-123-REFERENCE-SYSTEM-PG': -0.8746945942770942, 'CNNDM-12-REFERENCE-SYSTEM-BERT': -0.8434777993350138, 'CNNDM-86-REFERENCE-SYSTEM-BERT': -1.5614640830028639, 'CNNDM-89-SYSTEM-REFERENCE-PG': -0.1254915156671635, 'CNNDM-77-SYSTEM-REFERENCE-BERT': -1.623897672887025, 'CNNDM-28-SYSTEM-REFERENCE-PG': 0.7173619477690085, 'CNNDM-133-REFERENCE-SYSTEM-BERT': 1.4353482314368589, 'CNNDM-62-REFERENCE-SYSTEM-BERT': 0.12424284386948008, 'CNNDM-108-SYSTEM-REFERENCE-PG': -1.5302472880607836, 'CNNDM-33-SYSTEM-REFERENCE-PG': -0.0630579257830026, 'CNNDM-122-REFERENCE-SYSTEM-BERT': -0.2815754903775657, 'CNNDM-50-REFERENCE-SYSTEM-BERT': -0.1254915156671635, 'CNNDM-6-SYSTEM-REFERENCE-BERT': 0.06180925398531918, 'CNNDM-104-REFERENCE-SYSTEM-PG': -0.9995617740454159, 'CNNDM-70-SYSTEM-REFERENCE-PG': -0.0630579257830026, 'CNNDM-118-SYSTEM-REFERENCE-BERT': -0.43765946508796794, 'CNNDM-117-REFERENCE-SYSTEM-PG': 0.9670963073056521, 'CNNDM-110-SYSTEM-REFERENCE-BERT': 1.3729146415526978, 'CNNDM-39-REFERENCE-SYSTEM-PG': 1.4353482314368589, 'CNNDM-76-SYSTEM-REFERENCE-PG': -1.1868625436978986, 'CNNDM-66-SYSTEM-REFERENCE-PG': 0.12424284386948008, 'CNNDM-129-REFERENCE-SYSTEM-PG': -0.18792510555132438, 'CNNDM-19-REFERENCE-SYSTEM-PG': -0.21914190049340482, 'CNNDM-72-REFERENCE-SYSTEM-PG': 1.4041314364947783, 'CNNDM-69-REFERENCE-SYSTEM-PG': 0.5612779730586063, 'CNNDM-35-REFERENCE-SYSTEM-BERT': -0.15670831060924392, 'CNNDM-74-SYSTEM-REFERENCE-PG': -0.1254915156671635, 'CNNDM-18-REFERENCE-SYSTEM-BERT': 0.6237115629427672, 'CNNDM-56-SYSTEM-REFERENCE-PG': 1.0607466921318933, 'CNNDM-0-REFERENCE-SYSTEM-PG': 0.6861451528269281, 'CNNDM-72-SYSTEM-REFERENCE-PG': 1.4041314364947783, 'CNNDM-43-SYSTEM-REFERENCE-BERT': 1.4977818213210197, 'CNNDM-41-REFERENCE-SYSTEM-PG': 1.4353482314368589, 'CNNDM-25-REFERENCE-SYSTEM-BERT': 1.4353482314368589, 'CNNDM-64-SYSTEM-REFERENCE-PG': -0.8434777993350138, 'CNNDM-43-SYSTEM-REFERENCE-PG': 1.3416978466106175, 'CNNDM-64-REFERENCE-SYSTEM-BERT': -1.5302472880607836, 'CNNDM-62-SYSTEM-REFERENCE-PG': 0.9358795123635717, 'CNNDM-74-REFERENCE-SYSTEM-PG': 1.2480474617843762, 'CNNDM-19-REFERENCE-SYSTEM-BERT': -1.4053801082924617, 'CNNDM-13-SYSTEM-REFERENCE-BERT': 0.24911002363780185, 'CNNDM-123-SYSTEM-REFERENCE-PG': -0.1254915156671635, 'CNNDM-120-SYSTEM-REFERENCE-BERT': -1.1556457487558183, 'CNNDM-21-REFERENCE-SYSTEM-PG': -1.4365969032345423}"
7,334ZEL5JX6FI8JJR0HJSUUHFNEZSOE,A1IS0218RVG60K,3WQ3B2KGE8G1IPTH9V4NGTQXNBWB19,Approved,10,50.97,"{'CNNDM-21-REFERENCE-SYSTEM-PG': 0.155512383219342, 'CNNDM-77-SYSTEM-REFERENCE-BERT': -0.5889617917668701, 'CNNDM-18-REFERENCE-SYSTEM-BERT': -0.13400535149751827, 'CNNDM-3-REFERENCE-SYSTEM-PG': 0.27959141238371066, 'CNNDM-118-SYSTEM-REFERENCE-BERT': 1.313583322086783, 'CNNDM-35-REFERENCE-SYSTEM-BERT': -0.009926322333149577, 'CNNDM-104-REFERENCE-SYSTEM-PG': 2.1821365262373638, 'CNNDM-56-SYSTEM-REFERENCE-PG': 0.7345478526530625, 'CNNDM-6-SYSTEM-REFERENCE-BERT': -0.5062424389906243, 'CNNDM-69-REFERENCE-SYSTEM-PG': -0.8371198500956075, 'CNNDM-28-SYSTEM-REFERENCE-PG': 1.0654252637580457, 'CNNDM-64-SYSTEM-REFERENCE-PG': -1.1266375848124677, 'CNNDM-133-REFERENCE-SYSTEM-BERT': 0.5691091471005709, 'CNNDM-39-SYSTEM-REFERENCE-BERT': 1.2722236456986602, 'CNNDM-86-SYSTEM-REFERENCE-BERT': -1.87111175979868, 'CNNDM-123-REFERENCE-SYSTEM-PG': -1.0025585556480991, 'CNNDM-64-REFERENCE-SYSTEM-BERT': -1.416155319529328, 'CNNDM-72-REFERENCE-SYSTEM-PG': 1.0240655873699227, 'CNNDM-76-SYSTEM-REFERENCE-PG': -1.7056730542461882, 'CNNDM-89-SYSTEM-REFERENCE-PG': 1.1481446165342915, 'CNNDM-78-REFERENCE-SYSTEM-BERT': -0.34080373343813275, 'CNNDM-62-SYSTEM-REFERENCE-PG': -0.9198392028718533, 'CNNDM-108-SYSTEM-REFERENCE-PG': -1.6643133778580654, 'CNNDM-74-SYSTEM-REFERENCE-PG': 0.23823173599558778, 'CNNDM-39-REFERENCE-SYSTEM-PG': -0.4235230862143785, 'CNNDM-122-REFERENCE-SYSTEM-BERT': -0.6716811445431159, 'CNNDM-70-REFERENCE-SYSTEM-BERT': 0.031433354054973314, 'CNNDM-120-SYSTEM-REFERENCE-BERT': 0.23823173599558778, 'CNNDM-66-SYSTEM-REFERENCE-PG': 0.07279303044309621, 'CNNDM-13-SYSTEM-REFERENCE-BERT': -1.2507166139768364, 'CNNDM-43-SYSTEM-REFERENCE-PG': 0.7759075290411854, 'CNNDM-33-SYSTEM-REFERENCE-PG': -0.34080373343813275, 'CNNDM-43-SYSTEM-REFERENCE-BERT': 1.9339784679086265, 'CNNDM-110-SYSTEM-REFERENCE-BERT': 1.313583322086783, 'CNNDM-12-REFERENCE-SYSTEM-BERT': 0.6104688234886938, 'CNNDM-70-SYSTEM-REFERENCE-PG': 0.8586268818174312, 'CNNDM-74-REFERENCE-SYSTEM-PG': 1.1895042929224144, 'CNNDM-72-SYSTEM-REFERENCE-PG': 1.2308639693105372, 'CNNDM-62-REFERENCE-SYSTEM-BERT': 0.9827059109817999, 'CNNDM-86-REFERENCE-SYSTEM-BERT': -1.87111175979868, 'CNNDM-0-REFERENCE-SYSTEM-PG': 0.3209510887718336, 'CNNDM-25-REFERENCE-SYSTEM-BERT': 0.6518284998768167, 'CNNDM-21-REFERENCE-SYSTEM-BERT': -0.7957601737074845, 'CNNDM-19-REFERENCE-SYSTEM-PG': 0.1141527068312191, 'CNNDM-50-REFERENCE-SYSTEM-BERT': 0.3209510887718336, 'CNNDM-41-REFERENCE-SYSTEM-PG': -1.0025585556480991, 'CNNDM-117-REFERENCE-SYSTEM-PG': -0.7130408209312388, 'CNNDM-19-REFERENCE-SYSTEM-BERT': -0.7957601737074845, 'CNNDM-123-SYSTEM-REFERENCE-PG': -1.043918232036222, 'CNNDM-129-REFERENCE-SYSTEM-PG': 0.40367044154807935}"
8,3NOEP8XAU428P0HR9R2UI23XCYXPX0,A3CI73EFDLS3OF,3NGI5ARFTT53MJURS0MOBDVM4GO1PZ,Approved,10,52.15,"{'CNNDM-8-REFERENCE-SYSTEM-PG': 1.6076541557021975, 'CNNDM-102-SYSTEM-REFERENCE-PG': -0.9062979517981227, 'CNNDM-112-REFERENCE-SYSTEM-BERT': -0.5920539383605826, 'CNNDM-46-REFERENCE-SYSTEM-BERT': -0.45238993238834263, 'CNNDM-100-SYSTEM-REFERENCE-BERT': -1.0110459562773026, 'CNNDM-26-SYSTEM-REFERENCE-BERT': 1.6076541557021975, 'CNNDM-55-SYSTEM-REFERENCE-BERT': -0.48730593388140264, 'CNNDM-29-REFERENCE-SYSTEM-PG': -0.4174739308952826, 'CNNDM-114-SYSTEM-REFERENCE-BERT': -0.8713819503050627, 'CNNDM-76-REFERENCE-SYSTEM-BERT': -0.6968019428397627, 'CNNDM-33-REFERENCE-SYSTEM-PG': -1.0110459562773026, 'CNNDM-59-REFERENCE-SYSTEM-PG': -0.8364659488120026, 'CNNDM-115-REFERENCE-SYSTEM-BERT': 1.6076541557021975, 'CNNDM-7-REFERENCE-SYSTEM-BERT': -0.6618859413467026, 'CNNDM-7-SYSTEM-REFERENCE-BERT': -0.8713819503050627, 'CNNDM-14-SYSTEM-REFERENCE-BERT': 1.9917301721258576, 'CNNDM-0-SYSTEM-REFERENCE-PG': 1.6076541557021975, 'CNNDM-4-SYSTEM-REFERENCE-BERT': -0.13814591895080258, 'CNNDM-114-REFERENCE-SYSTEM-PG': -0.8015499473189427, 'CNNDM-29-REFERENCE-SYSTEM-BERT': 1.6076541557021975, 'CNNDM-126-SYSTEM-REFERENCE-BERT': -0.13814591895080258, 'CNNDM-103-SYSTEM-REFERENCE-PG': 0.17609809448673747, 'CNNDM-68-SYSTEM-REFERENCE-BERT': -0.6968019428397627, 'CNNDM-93-SYSTEM-REFERENCE-BERT': -0.3476419279091626, 'CNNDM-120-SYSTEM-REFERENCE-PG': -0.6618859413467026, 'CNNDM-102-REFERENCE-SYSTEM-BERT': -0.9412139532911827, 'CNNDM-71-SYSTEM-REFERENCE-BERT': -0.8015499473189427, 'CNNDM-29-SYSTEM-REFERENCE-BERT': 1.6076541557021975, 'CNNDM-126-SYSTEM-REFERENCE-PG': -0.8364659488120026, 'CNNDM-31-REFERENCE-SYSTEM-BERT': 0.6300061138965175, 'CNNDM-119-REFERENCE-SYSTEM-PG': -1.0110459562773026, 'CNNDM-97-REFERENCE-SYSTEM-PG': 0.7347541183756975, 'CNNDM-102-REFERENCE-SYSTEM-PG': -0.8364659488120026, 'CNNDM-10-SYSTEM-REFERENCE-BERT': -0.9412139532911827, 'CNNDM-89-SYSTEM-REFERENCE-BERT': 0.4903421079242775, 'CNNDM-98-SYSTEM-REFERENCE-BERT': 1.6076541557021975, 'CNNDM-22-SYSTEM-REFERENCE-PG': 0.7347541183756975, 'CNNDM-62-REFERENCE-SYSTEM-PG': -1.0110459562773026, 'CNNDM-14-SYSTEM-REFERENCE-PG': 1.6425701571952576, 'CNNDM-106-SYSTEM-REFERENCE-PG': -0.3825579294022226, 'CNNDM-87-REFERENCE-SYSTEM-BERT': -0.9412139532911827, 'CNNDM-67-SYSTEM-REFERENCE-PG': 1.6076541557021975, 'CNNDM-27-SYSTEM-REFERENCE-BERT': -0.3825579294022226, 'CNNDM-27-REFERENCE-SYSTEM-PG': 0.7347541183756975, 'CNNDM-26-REFERENCE-SYSTEM-PG': -0.6968019428397627, 'CNNDM-42-SYSTEM-REFERENCE-PG': 0.3855941034450975}"
8,3NOEP8XAU428P0HR9R2UI23XCYXPX0,AVI7K876BV3QL,3PH3VY7DJLXQ1OC0CX9BV1NUAS6WZG,Approved,9,69.17,"{'CNNDM-26-SYSTEM-REFERENCE-BERT': 1.921229477383441, 'CNNDM-120-SYSTEM-REFERENCE-PG': -1.1436587056680394, 'CNNDM-87-REFERENCE-SYSTEM-BERT': -1.0426184358971116, 'CNNDM-55-SYSTEM-REFERENCE-BERT': 0.13618471143038105, 'CNNDM-10-SYSTEM-REFERENCE-BERT': -1.379419335133538, 'CNNDM-112-REFERENCE-SYSTEM-BERT': -1.2110188855153248, 'CNNDM-31-REFERENCE-SYSTEM-BERT': 0.16986480135402368, 'CNNDM-102-REFERENCE-SYSTEM-PG': -0.30165645757697335, 'CNNDM-4-SYSTEM-REFERENCE-BERT': 0.0014643517358104666, 'CNNDM-42-SYSTEM-REFERENCE-PG': -0.6384573568133998, 'CNNDM-114-REFERENCE-SYSTEM-PG': -1.2110188855153248, 'CNNDM-126-SYSTEM-REFERENCE-BERT': -0.9752582560498262, 'CNNDM-29-SYSTEM-REFERENCE-BERT': 1.3486679486815163, 'CNNDM-102-SYSTEM-REFERENCE-PG': -0.23429627772968803, 'CNNDM-115-REFERENCE-SYSTEM-BERT': 1.4833883083760868, 'CNNDM-14-SYSTEM-REFERENCE-BERT': 1.4497082184524441, 'CNNDM-71-SYSTEM-REFERENCE-BERT': 0.03514444165945311, 'CNNDM-119-REFERENCE-SYSTEM-PG': -1.379419335133538, 'CNNDM-33-REFERENCE-SYSTEM-PG': -0.5374170870424718, 'CNNDM-89-SYSTEM-REFERENCE-BERT': 1.8201892076125132, 'CNNDM-93-SYSTEM-REFERENCE-BERT': -0.806857806431613, 'CNNDM-27-SYSTEM-REFERENCE-BERT': -1.1099786157443967, 'CNNDM-7-SYSTEM-REFERENCE-BERT': 1.1465874091396604, 'CNNDM-114-SYSTEM-REFERENCE-BERT': -1.0426184358971116, 'CNNDM-27-REFERENCE-SYSTEM-PG': 0.9108267796741618, 'CNNDM-0-SYSTEM-REFERENCE-PG': -0.5374170870424718, 'CNNDM-7-REFERENCE-SYSTEM-BERT': 1.5844285781470147, 'CNNDM-97-REFERENCE-SYSTEM-PG': 1.180267499063303, 'CNNDM-67-SYSTEM-REFERENCE-PG': 1.5844285781470147, 'CNNDM-106-SYSTEM-REFERENCE-PG': 0.3045851610485943, 'CNNDM-8-REFERENCE-SYSTEM-PG': 0.37194534089587955, 'CNNDM-103-SYSTEM-REFERENCE-PG': -0.9752582560498262, 'CNNDM-98-SYSTEM-REFERENCE-BERT': -1.2110188855153248, 'CNNDM-102-REFERENCE-SYSTEM-BERT': -0.9415781661261836, 'CNNDM-46-REFERENCE-SYSTEM-BERT': 0.7424263300559486, 'CNNDM-100-SYSTEM-REFERENCE-BERT': -0.3690166374242586, 'CNNDM-59-REFERENCE-SYSTEM-PG': -1.2110188855153248, 'CNNDM-62-REFERENCE-SYSTEM-PG': 0.37194534089587955, 'CNNDM-14-SYSTEM-REFERENCE-PG': 1.4160281285288014, 'CNNDM-126-SYSTEM-REFERENCE-PG': -0.26797636765333066, 'CNNDM-26-REFERENCE-SYSTEM-PG': -0.5710971769661145, 'CNNDM-29-REFERENCE-SYSTEM-PG': -0.2006161878060454, 'CNNDM-68-SYSTEM-REFERENCE-BERT': 0.7761064199795913, 'CNNDM-22-SYSTEM-REFERENCE-PG': 0.2709050711249516, 'CNNDM-76-REFERENCE-SYSTEM-BERT': -0.6047772668897571, 'CNNDM-29-REFERENCE-SYSTEM-BERT': 0.8771466897505192}"
8,3NOEP8XAU428P0HR9R2UI23XCYXPX0,A3UF6XXFFRR237,3VP0C6EFSGWS82YB6Q6DP5S87M26MF,Approved,9,66.73,"{'CNNDM-59-REFERENCE-SYSTEM-PG': -2.0047024034019874, 'CNNDM-62-REFERENCE-SYSTEM-PG': -0.09612060506135776, 'CNNDM-106-SYSTEM-REFERENCE-PG': 0.8581702941089571, 'CNNDM-46-REFERENCE-SYSTEM-BERT': -0.4142175714514627, 'CNNDM-71-SYSTEM-REFERENCE-BERT': -1.9410830101239664, 'CNNDM-7-REFERENCE-SYSTEM-BERT': 1.1126478672210411, 'CNNDM-14-SYSTEM-REFERENCE-PG': 1.0808381705820305, 'CNNDM-27-SYSTEM-REFERENCE-BERT': -0.5414563580075047, 'CNNDM-42-SYSTEM-REFERENCE-PG': 1.0172187773040096, 'CNNDM-102-SYSTEM-REFERENCE-PG': 0.3492151478847892, 'CNNDM-102-REFERENCE-SYSTEM-BERT': -1.6866054370118826, 'CNNDM-22-SYSTEM-REFERENCE-PG': -1.2412696840657356, 'CNNDM-102-REFERENCE-SYSTEM-PG': 0.22197636132874718, 'CNNDM-115-REFERENCE-SYSTEM-BERT': 0.44464423780182066, 'CNNDM-14-SYSTEM-REFERENCE-BERT': 0.6036927209968731, 'CNNDM-0-SYSTEM-REFERENCE-PG': 0.8581702941089571, 'CNNDM-7-SYSTEM-REFERENCE-BERT': 1.1444575638600516, 'CNNDM-120-SYSTEM-REFERENCE-PG': 0.41283454116281015, 'CNNDM-26-SYSTEM-REFERENCE-BERT': 1.1444575638600516, 'CNNDM-33-REFERENCE-SYSTEM-PG': 0.7945509008309362, 'CNNDM-29-SYSTEM-REFERENCE-BERT': 1.1444575638600516, 'CNNDM-114-REFERENCE-SYSTEM-PG': -1.3685084706217776, 'CNNDM-87-REFERENCE-SYSTEM-BERT': 0.7309315075529151, 'CNNDM-8-REFERENCE-SYSTEM-PG': 0.28559575460676817, 'CNNDM-27-REFERENCE-SYSTEM-PG': -1.0504115042316726, 'CNNDM-29-REFERENCE-SYSTEM-BERT': 0.8263605974699466, 'CNNDM-76-REFERENCE-SYSTEM-BERT': 1.1444575638600516, 'CNNDM-112-REFERENCE-SYSTEM-BERT': 0.09473757477270521, 'CNNDM-126-SYSTEM-REFERENCE-PG': 0.8899799907479676, 'CNNDM-29-REFERENCE-SYSTEM-PG': 1.0172187773040096, 'CNNDM-98-SYSTEM-REFERENCE-BERT': 1.1126478672210411, 'CNNDM-68-SYSTEM-REFERENCE-BERT': -0.7323145378415676, 'CNNDM-4-SYSTEM-REFERENCE-BERT': -1.6547957403728721, 'CNNDM-31-REFERENCE-SYSTEM-BERT': 0.5718830243578626, 'CNNDM-93-SYSTEM-REFERENCE-BERT': 0.44464423780182066, 'CNNDM-97-REFERENCE-SYSTEM-PG': -0.5414563580075047, 'CNNDM-100-SYSTEM-REFERENCE-BERT': -1.782034526928914, 'CNNDM-55-SYSTEM-REFERENCE-BERT': -0.5414563580075047, 'CNNDM-67-SYSTEM-REFERENCE-PG': 0.41283454116281015, 'CNNDM-26-REFERENCE-SYSTEM-PG': -1.3048890773437565, 'CNNDM-119-REFERENCE-SYSTEM-PG': -0.7959339311195887, 'CNNDM-103-SYSTEM-REFERENCE-PG': -0.4778369647294837, 'CNNDM-10-SYSTEM-REFERENCE-BERT': -0.5732660546465151, 'CNNDM-114-SYSTEM-REFERENCE-BERT': -1.4957472571778196, 'CNNDM-89-SYSTEM-REFERENCE-BERT': 0.38102484452379964, 'CNNDM-126-SYSTEM-REFERENCE-BERT': 1.1444575638600516}"
9,3DW3BNF1GHIVFJDFNVZ18VBM7DPV8J,A1F9KLZGHE9DTA,3HUTX6F6VUNSQ40MW49NRW01MG4O2I,Approved,9,66.77,"{'CNNDM-124-REFERENCE-SYSTEM-PG': -0.48179179636419805, 'CNNDM-50-SYSTEM-REFERENCE-PG': 0.758113561926018, 'CNNDM-30-SYSTEM-REFERENCE-BERT': 0.8761997865250862, 'CNNDM-53-SYSTEM-REFERENCE-BERT': -0.8360504701614027, 'CNNDM-46-SYSTEM-REFERENCE-BERT': 0.46289800042834756, 'CNNDM-34-REFERENCE-SYSTEM-PG': -0.8360504701614027, 'CNNDM-112-SYSTEM-REFERENCE-BERT': 0.22672555123021113, 'CNNDM-11-SYSTEM-REFERENCE-PG': -2.253085165350221, 'CNNDM-85-REFERENCE-SYSTEM-PG': -1.0131798070600049, 'CNNDM-57-SYSTEM-REFERENCE-PG': 0.5219411127278816, 'CNNDM-98-SYSTEM-REFERENCE-PG': -0.8360504701614027, 'CNNDM-111-REFERENCE-SYSTEM-BERT': -0.12753312256699345, 'CNNDM-118-REFERENCE-SYSTEM-BERT': 0.8761997865250862, 'CNNDM-38-SYSTEM-REFERENCE-PG': -0.24561934716606165, 'CNNDM-40-REFERENCE-SYSTEM-PG': -0.3046624594655957, 'CNNDM-67-SYSTEM-REFERENCE-BERT': 0.5219411127278816, 'CNNDM-92-REFERENCE-SYSTEM-PG': 0.46289800042834756, 'CNNDM-25-REFERENCE-SYSTEM-PG': 0.46289800042834756, 'CNNDM-90-REFERENCE-SYSTEM-PG': -1.66265404235488, 'CNNDM-6-SYSTEM-REFERENCE-PG': 0.34481177582927935, 'CNNDM-32-SYSTEM-REFERENCE-BERT': 1.9389758079166999, 'CNNDM-41-REFERENCE-SYSTEM-BERT': -2.312128277649755, 'CNNDM-10-REFERENCE-SYSTEM-BERT': -0.12753312256699345, 'CNNDM-106-REFERENCE-SYSTEM-PG': 1.5847171341194954, 'CNNDM-13-SYSTEM-REFERENCE-PG': -1.2493522562581414, 'CNNDM-39-REFERENCE-SYSTEM-BERT': 1.5847171341194954, 'CNNDM-133-REFERENCE-SYSTEM-PG': -0.3046624594655957, 'CNNDM-54-SYSTEM-REFERENCE-PG': 0.34481177582927935, 'CNNDM-76-SYSTEM-REFERENCE-BERT': 1.6437602464190295, 'CNNDM-81-SYSTEM-REFERENCE-PG': 0.46289800042834756, 'CNNDM-37-SYSTEM-REFERENCE-PG': 0.46289800042834756, 'CNNDM-101-SYSTEM-REFERENCE-BERT': -1.7807402669539483, 'CNNDM-51-SYSTEM-REFERENCE-BERT': -0.8360504701614027, 'CNNDM-52-REFERENCE-SYSTEM-BERT': -0.4227486840646639, 'CNNDM-85-SYSTEM-REFERENCE-PG': 1.0533291234236886, 'CNNDM-30-REFERENCE-SYSTEM-BERT': 0.4038548881288134, 'CNNDM-18-REFERENCE-SYSTEM-PG': 0.5219411127278816, 'CNNDM-119-SYSTEM-REFERENCE-PG': -0.06849001026745935, 'CNNDM-46-REFERENCE-SYSTEM-PG': -2.4892576145483574, 'CNNDM-53-SYSTEM-REFERENCE-PG': 0.049596214331608844, 'CNNDM-45-SYSTEM-REFERENCE-PG': -0.06849001026745935, 'CNNDM-16-REFERENCE-SYSTEM-PG': -0.06849001026745935, 'CNNDM-71-SYSTEM-REFERENCE-PG': -1.0131798070600049, 'CNNDM-45-SYSTEM-REFERENCE-BERT': 0.8171566742255522, 'CNNDM-50-SYSTEM-REFERENCE-BERT': 0.2857686635297452, 'CNNDM-56-SYSTEM-REFERENCE-BERT': 0.22672555123021113, 'CNNDM-12-SYSTEM-REFERENCE-PG': 0.8761997865250862, 'CNNDM-49-SYSTEM-REFERENCE-BERT': 0.9942860111241544, 'CNNDM-91-SYSTEM-REFERENCE-BERT': -0.24561934716606165, 'CNNDM-100-SYSTEM-REFERENCE-PG': 0.8171566742255522}"
9,3EHIMLB7F7ZQXIIVI6IXTUKDZZTH8W,A1YJY8G4QKPV00,3ZSANO2JCF7RPQ4RRG53VK4RSDASF9,Approved,10,53.22,"{'CNNDM-111-REFERENCE-SYSTEM-BERT': 0.8884183105667761, 'CNNDM-92-REFERENCE-SYSTEM-PG': 0.014678823384659617, 'CNNDM-12-SYSTEM-REFERENCE-PG': 0.08457798235922893, 'CNNDM-39-REFERENCE-SYSTEM-BERT': -1.03380856123388, 'CNNDM-40-REFERENCE-SYSTEM-PG': -0.4047161304627563, 'CNNDM-10-REFERENCE-SYSTEM-BERT': -0.7192623458483183, 'CNNDM-106-REFERENCE-SYSTEM-PG': 0.4690233567193602, 'CNNDM-30-SYSTEM-REFERENCE-BERT': 1.7621577977488927, 'CNNDM-71-SYSTEM-REFERENCE-PG': -1.7328001509795734, 'CNNDM-57-SYSTEM-REFERENCE-PG': -1.7328001509795734, 'CNNDM-76-SYSTEM-REFERENCE-BERT': 1.7621577977488927, 'CNNDM-56-SYSTEM-REFERENCE-BERT': 0.014678823384659617, 'CNNDM-38-SYSTEM-REFERENCE-PG': 0.049628402871944276, 'CNNDM-6-SYSTEM-REFERENCE-PG': 0.014678823384659617, 'CNNDM-13-SYSTEM-REFERENCE-PG': -1.7328001509795734, 'CNNDM-53-SYSTEM-REFERENCE-PG': -1.7328001509795734, 'CNNDM-124-REFERENCE-SYSTEM-PG': 0.014678823384659617, 'CNNDM-34-REFERENCE-SYSTEM-PG': 0.014678823384659617, 'CNNDM-16-REFERENCE-SYSTEM-PG': 0.014678823384659617, 'CNNDM-46-SYSTEM-REFERENCE-BERT': 0.014678823384659617, 'CNNDM-85-SYSTEM-REFERENCE-PG': 0.014678823384659617, 'CNNDM-41-REFERENCE-SYSTEM-BERT': -0.020270756102625045, 'CNNDM-85-REFERENCE-SYSTEM-PG': 0.014678823384659617, 'CNNDM-45-SYSTEM-REFERENCE-PG': -1.7328001509795734, 'CNNDM-49-SYSTEM-REFERENCE-BERT': 0.8884183105667761, 'CNNDM-50-SYSTEM-REFERENCE-PG': 0.014678823384659617, 'CNNDM-67-SYSTEM-REFERENCE-BERT': 0.014678823384659617, 'CNNDM-37-SYSTEM-REFERENCE-PG': 0.049628402871944276, 'CNNDM-18-REFERENCE-SYSTEM-PG': -0.020270756102625045, 'CNNDM-51-SYSTEM-REFERENCE-BERT': 1.7621577977488927, 'CNNDM-98-SYSTEM-REFERENCE-PG': -0.020270756102625045, 'CNNDM-101-SYSTEM-REFERENCE-BERT': 0.014678823384659617, 'CNNDM-112-SYSTEM-REFERENCE-BERT': 0.8884183105667761, 'CNNDM-133-REFERENCE-SYSTEM-PG': 0.014678823384659617, 'CNNDM-81-SYSTEM-REFERENCE-PG': 0.014678823384659617, 'CNNDM-45-SYSTEM-REFERENCE-BERT': 0.049628402871944276, 'CNNDM-11-SYSTEM-REFERENCE-PG': -1.6978505714922887, 'CNNDM-53-SYSTEM-REFERENCE-BERT': -1.7328001509795734, 'CNNDM-50-SYSTEM-REFERENCE-BERT': 0.049628402871944276, 'CNNDM-52-REFERENCE-SYSTEM-BERT': 0.014678823384659617, 'CNNDM-46-REFERENCE-SYSTEM-PG': -1.7328001509795734, 'CNNDM-30-REFERENCE-SYSTEM-BERT': 0.049628402871944276, 'CNNDM-90-REFERENCE-SYSTEM-PG': 0.014678823384659617, 'CNNDM-91-SYSTEM-REFERENCE-BERT': 0.014678823384659617, 'CNNDM-118-REFERENCE-SYSTEM-BERT': -0.020270756102625045, 'CNNDM-32-SYSTEM-REFERENCE-BERT': 1.7621577977488927, 'CNNDM-54-SYSTEM-REFERENCE-PG': 1.7621577977488927, 'CNNDM-25-REFERENCE-SYSTEM-PG': 1.7621577977488927, 'CNNDM-119-SYSTEM-REFERENCE-PG': 0.014678823384659617, 'CNNDM-100-SYSTEM-REFERENCE-PG': 1.7621577977488927}"
9,3EHIMLB7F7ZQXIIVI6IXTUKDZZTH8W,A2PXJTMWGUE5DC,3WAKVUDHUWGUPAHPY22RMT9YFMS7UG,Approved,9,72.8,"{'CNNDM-45-SYSTEM-REFERENCE-BERT': 1.0426846491823876, 'CNNDM-50-SYSTEM-REFERENCE-BERT': 1.0752889221399355, 'CNNDM-90-REFERENCE-SYSTEM-PG': -0.2940905420770838, 'CNNDM-40-REFERENCE-SYSTEM-PG': -0.9461760012280453, 'CNNDM-133-REFERENCE-SYSTEM-PG': 0.2275778252436855, 'CNNDM-92-REFERENCE-SYSTEM-PG': 1.8251872001635414, 'CNNDM-46-REFERENCE-SYSTEM-PG': -1.1418016389733339, 'CNNDM-39-REFERENCE-SYSTEM-BERT': 1.8577914731210894, 'CNNDM-45-SYSTEM-REFERENCE-PG': -0.5549247257374684, 'CNNDM-100-SYSTEM-REFERENCE-PG': -1.0439888201006897, 'CNNDM-25-REFERENCE-SYSTEM-PG': 1.4339359246729644, 'CNNDM-37-SYSTEM-REFERENCE-PG': 1.0426846491823876, 'CNNDM-118-REFERENCE-SYSTEM-BERT': 1.0426846491823876, 'CNNDM-85-SYSTEM-REFERENCE-PG': -1.0113845471431415, 'CNNDM-30-REFERENCE-SYSTEM-BERT': 1.0426846491823876, 'CNNDM-18-REFERENCE-SYSTEM-PG': 0.2275778252436855, 'CNNDM-119-SYSTEM-REFERENCE-PG': -0.19627772320443954, 'CNNDM-11-SYSTEM-REFERENCE-PG': -1.4026358226337186, 'CNNDM-71-SYSTEM-REFERENCE-PG': -1.4026358226337186, 'CNNDM-53-SYSTEM-REFERENCE-BERT': -0.5549247257374684, 'CNNDM-10-REFERENCE-SYSTEM-BERT': 0.2275778252436855, 'CNNDM-50-SYSTEM-REFERENCE-PG': -0.5875289986950165, 'CNNDM-101-SYSTEM-REFERENCE-BERT': 0.2275778252436855, 'CNNDM-16-REFERENCE-SYSTEM-PG': -0.6201332716525646, 'CNNDM-112-SYSTEM-REFERENCE-BERT': -0.5549247257374684, 'CNNDM-91-SYSTEM-REFERENCE-BERT': 0.2275778252436855, 'CNNDM-57-SYSTEM-REFERENCE-PG': -0.9461760012280453, 'CNNDM-106-REFERENCE-SYSTEM-PG': 1.8251872001635414, 'CNNDM-49-SYSTEM-REFERENCE-BERT': 0.26018209820123356, 'CNNDM-34-REFERENCE-SYSTEM-PG': -1.0765930930582377, 'CNNDM-41-REFERENCE-SYSTEM-BERT': -0.5875289986950165, 'CNNDM-38-SYSTEM-REFERENCE-PG': -0.3266948150346319, 'CNNDM-46-SYSTEM-REFERENCE-BERT': 0.2275778252436855, 'CNNDM-76-SYSTEM-REFERENCE-BERT': 1.3361231058003202, 'CNNDM-56-SYSTEM-REFERENCE-BERT': -0.5549247257374684, 'CNNDM-51-SYSTEM-REFERENCE-BERT': -0.5875289986950165, 'CNNDM-81-SYSTEM-REFERENCE-PG': 1.8251872001635414, 'CNNDM-12-SYSTEM-REFERENCE-PG': -0.22888199616198762, 'CNNDM-85-REFERENCE-SYSTEM-PG': -1.4026358226337186, 'CNNDM-30-SYSTEM-REFERENCE-BERT': 1.0426846491823876, 'CNNDM-54-SYSTEM-REFERENCE-PG': 1.1078931950974837, 'CNNDM-67-SYSTEM-REFERENCE-BERT': -0.5223204527799203, 'CNNDM-98-SYSTEM-REFERENCE-PG': -0.5875289986950165, 'CNNDM-111-REFERENCE-SYSTEM-BERT': 0.2275778252436855, 'CNNDM-124-REFERENCE-SYSTEM-PG': -0.5549247257374684, 'CNNDM-52-REFERENCE-SYSTEM-BERT': 0.2275778252436855, 'CNNDM-13-SYSTEM-REFERENCE-PG': -1.4026358226337186, 'CNNDM-32-SYSTEM-REFERENCE-BERT': 1.8577914731210894, 'CNNDM-6-SYSTEM-REFERENCE-PG': -0.9461760012280453, 'CNNDM-53-SYSTEM-REFERENCE-PG': -1.4026358226337186}"
10,3XH7ZM9YX2U30HF8J3057UHU6E9R9S,A2DWPP1KKAY0HG,3FPRZHYEPY7C16521G965YZ1ORF3VW,Approved,9,70.52,"{'CNNDM-80-REFERENCE-SYSTEM-BERT': -1.2410933849938446, 'CNNDM-88-REFERENCE-SYSTEM-BERT': -0.8949380871384186, 'CNNDM-43-REFERENCE-SYSTEM-BERT': 1.4416101733857067, 'CNNDM-21-SYSTEM-REFERENCE-BERT': -0.7218604382107056, 'CNNDM-99-REFERENCE-SYSTEM-BERT': 1.311801936689922, 'CNNDM-54-REFERENCE-SYSTEM-PG': -0.635321613746849, 'CNNDM-28-SYSTEM-REFERENCE-BERT': 1.3983407611537786, 'CNNDM-108-REFERENCE-SYSTEM-BERT': 1.3983407611537786, 'CNNDM-115-REFERENCE-SYSTEM-PG': 0.792568989906783, 'CNNDM-93-REFERENCE-SYSTEM-PG': 0.40314427981942885, 'CNNDM-128-REFERENCE-SYSTEM-BERT': -0.7218604382107056, 'CNNDM-132-REFERENCE-SYSTEM-PG': -0.2891663158914231, 'CNNDM-107-REFERENCE-SYSTEM-BERT': -0.07281925473178187, 'CNNDM-87-SYSTEM-REFERENCE-BERT': 0.9656466388344961, 'CNNDM-114-SYSTEM-REFERENCE-PG': -1.4141710339215576, 'CNNDM-49-REFERENCE-SYSTEM-PG': -0.7651298504426338, 'CNNDM-101-REFERENCE-SYSTEM-PG': -0.07281925473178187, 'CNNDM-86-SYSTEM-REFERENCE-PG': -2.063212217400481, 'CNNDM-25-SYSTEM-REFERENCE-BERT': -0.9382074993703469, 'CNNDM-83-REFERENCE-SYSTEM-BERT': 0.05698898196400288, 'CNNDM-99-REFERENCE-SYSTEM-PG': -1.6305180950811988, 'CNNDM-73-REFERENCE-SYSTEM-BERT': -0.5055133770510644, 'CNNDM-32-REFERENCE-SYSTEM-PG': 1.4416101733857067, 'CNNDM-121-SYSTEM-REFERENCE-BERT': -0.11608866696371012, 'CNNDM-47-REFERENCE-SYSTEM-PG': -0.5055133770510644, 'CNNDM-109-REFERENCE-SYSTEM-BERT': -0.11608866696371012, 'CNNDM-24-REFERENCE-SYSTEM-PG': 1.3983407611537786, 'CNNDM-74-SYSTEM-REFERENCE-BERT': 1.0954548755302809, 'CNNDM-63-SYSTEM-REFERENCE-BERT': 1.4416101733857067, 'CNNDM-12-REFERENCE-SYSTEM-PG': -1.8901345684727682, 'CNNDM-66-REFERENCE-SYSTEM-PG': 0.3166054553555724, 'CNNDM-7-REFERENCE-SYSTEM-PG': 0.7492995776748549, 'CNNDM-112-REFERENCE-SYSTEM-PG': -1.3709016216896293, 'CNNDM-109-SYSTEM-REFERENCE-PG': 0.3598748675875006, 'CNNDM-18-SYSTEM-REFERENCE-BERT': 1.4416101733857067, 'CNNDM-80-REFERENCE-SYSTEM-PG': -0.15935807919563835, 'CNNDM-119-SYSTEM-REFERENCE-BERT': -0.5487827892829926, 'CNNDM-133-SYSTEM-REFERENCE-PG': 0.3598748675875006, 'CNNDM-124-SYSTEM-REFERENCE-PG': -0.41897455258720784, 'CNNDM-117-SYSTEM-REFERENCE-BERT': 0.7060301654429266, 'CNNDM-126-REFERENCE-SYSTEM-PG': 0.013719569732074631}"
10,3XH7ZM9YX2U30HF8J3057UHU6E9R9S,A1198W1SPF1R4,3LQ8PUHQFLSM98S1HUZPU3AHZU2IHM,Approved,10,67.67,"{'CNNDM-80-REFERENCE-SYSTEM-PG': -0.9107176133904199, 'CNNDM-119-SYSTEM-REFERENCE-BERT': -0.9107176133904199, 'CNNDM-126-REFERENCE-SYSTEM-PG': 0.18347790745960837, 'CNNDM-7-REFERENCE-SYSTEM-PG': 0.2290693874950262, 'CNNDM-21-SYSTEM-REFERENCE-BERT': -0.9107176133904199, 'CNNDM-124-SYSTEM-REFERENCE-PG': -0.9107176133904199, 'CNNDM-32-REFERENCE-SYSTEM-PG': 1.41444786841589, 'CNNDM-121-SYSTEM-REFERENCE-BERT': 1.3232649083450545, 'CNNDM-114-SYSTEM-REFERENCE-PG': -0.9563090934258378, 'CNNDM-80-REFERENCE-SYSTEM-BERT': -0.4548028130362415, 'CNNDM-93-REFERENCE-SYSTEM-PG': 0.27466086753044405, 'CNNDM-101-REFERENCE-SYSTEM-PG': 0.2290693874950262, 'CNNDM-128-REFERENCE-SYSTEM-BERT': -0.9107176133904199, 'CNNDM-99-REFERENCE-SYSTEM-BERT': 1.3688563883804723, 'CNNDM-47-REFERENCE-SYSTEM-PG': 1.3688563883804723, 'CNNDM-112-REFERENCE-SYSTEM-PG': -0.9107176133904199, 'CNNDM-66-REFERENCE-SYSTEM-PG': -0.8651261333550021, 'CNNDM-87-SYSTEM-REFERENCE-BERT': -0.9107176133904199, 'CNNDM-109-SYSTEM-REFERENCE-PG': 0.27466086753044405, 'CNNDM-12-REFERENCE-SYSTEM-PG': -0.9107176133904199, 'CNNDM-86-SYSTEM-REFERENCE-PG': -1.5489983338862698, 'CNNDM-99-REFERENCE-SYSTEM-PG': 1.3688563883804723, 'CNNDM-117-SYSTEM-REFERENCE-BERT': 1.3688563883804723, 'CNNDM-28-SYSTEM-REFERENCE-BERT': 1.3688563883804723, 'CNNDM-54-REFERENCE-SYSTEM-PG': -0.9563090934258378, 'CNNDM-18-SYSTEM-REFERENCE-BERT': 0.2290693874950262, 'CNNDM-24-REFERENCE-SYSTEM-PG': 0.2290693874950262, 'CNNDM-108-REFERENCE-SYSTEM-BERT': 1.41444786841589, 'CNNDM-63-SYSTEM-REFERENCE-BERT': -0.9563090934258378, 'CNNDM-109-REFERENCE-SYSTEM-BERT': -0.9107176133904199, 'CNNDM-83-REFERENCE-SYSTEM-BERT': 1.3688563883804723, 'CNNDM-73-REFERENCE-SYSTEM-BERT': -0.8651261333550021, 'CNNDM-25-SYSTEM-REFERENCE-BERT': -0.9563090934258378, 'CNNDM-133-SYSTEM-REFERENCE-PG': 0.2290693874950262, 'CNNDM-49-REFERENCE-SYSTEM-PG': -0.9563090934258378, 'CNNDM-107-REFERENCE-SYSTEM-BERT': 0.2290693874950262, 'CNNDM-132-REFERENCE-SYSTEM-PG': 1.3688563883804723, 'CNNDM-115-REFERENCE-SYSTEM-PG': 1.3688563883804723, 'CNNDM-74-SYSTEM-REFERENCE-BERT': -0.9107176133904199, 'CNNDM-88-REFERENCE-SYSTEM-BERT': -0.9563090934258378, 'CNNDM-43-REFERENCE-SYSTEM-BERT': 1.3688563883804723}"
10,3XH7ZM9YX2U30HF8J3057UHU6E9R9S,A23EWFNNOUS10B,3VSOLARPKB9E4ZSZYF4ADGA4XZ293S,Approved,10,42.35,"{'CNNDM-99-REFERENCE-SYSTEM-PG': -1.69138450630313, 'CNNDM-109-SYSTEM-REFERENCE-PG': 1.1664720733125036, 'CNNDM-93-REFERENCE-SYSTEM-PG': 1.1664720733125036, 'CNNDM-115-REFERENCE-SYSTEM-PG': 1.1664720733125036, 'CNNDM-32-REFERENCE-SYSTEM-PG': 1.1664720733125036, 'CNNDM-66-REFERENCE-SYSTEM-PG': -0.2624562164953133, 'CNNDM-121-SYSTEM-REFERENCE-BERT': 0.4374270274921888, 'CNNDM-83-REFERENCE-SYSTEM-BERT': -1.7497081099687553, 'CNNDM-101-REFERENCE-SYSTEM-PG': -1.0206630641484407, 'CNNDM-7-REFERENCE-SYSTEM-PG': -0.2916180183281259, 'CNNDM-126-REFERENCE-SYSTEM-PG': 1.1664720733125036, 'CNNDM-86-SYSTEM-REFERENCE-PG': -1.7497081099687553, 'CNNDM-132-REFERENCE-SYSTEM-PG': 1.1664720733125036, 'CNNDM-74-SYSTEM-REFERENCE-BERT': 0.4665888293250014, 'CNNDM-114-SYSTEM-REFERENCE-PG': -1.7497081099687553, 'CNNDM-54-REFERENCE-SYSTEM-PG': -0.2624562164953133, 'CNNDM-21-SYSTEM-REFERENCE-BERT': -1.0206630641484407, 'CNNDM-87-SYSTEM-REFERENCE-BERT': 1.1664720733125036, 'CNNDM-80-REFERENCE-SYSTEM-BERT': -0.991501262315628, 'CNNDM-109-REFERENCE-SYSTEM-BERT': -0.2624562164953133, 'CNNDM-80-REFERENCE-SYSTEM-PG': -0.991501262315628, 'CNNDM-128-REFERENCE-SYSTEM-BERT': 1.1664720733125036, 'CNNDM-18-SYSTEM-REFERENCE-BERT': 1.1664720733125036, 'CNNDM-124-SYSTEM-REFERENCE-PG': -1.7497081099687553, 'CNNDM-43-REFERENCE-SYSTEM-BERT': 1.1664720733125036, 'CNNDM-117-SYSTEM-REFERENCE-BERT': 1.1664720733125036, 'CNNDM-25-SYSTEM-REFERENCE-BERT': -0.2916180183281259, 'CNNDM-47-REFERENCE-SYSTEM-PG': -0.2916180183281259, 'CNNDM-63-SYSTEM-REFERENCE-BERT': 1.1664720733125036, 'CNNDM-99-REFERENCE-SYSTEM-BERT': -0.2916180183281259, 'CNNDM-49-REFERENCE-SYSTEM-PG': -1.0206630641484407, 'CNNDM-108-REFERENCE-SYSTEM-BERT': 1.1664720733125036, 'CNNDM-107-REFERENCE-SYSTEM-BERT': -0.2916180183281259, 'CNNDM-88-REFERENCE-SYSTEM-BERT': -0.2916180183281259, 'CNNDM-28-SYSTEM-REFERENCE-BERT': -0.2916180183281259, 'CNNDM-73-REFERENCE-SYSTEM-BERT': -0.2916180183281259, 'CNNDM-12-REFERENCE-SYSTEM-PG': -0.2916180183281259, 'CNNDM-112-REFERENCE-SYSTEM-PG': -0.2624562164953133, 'CNNDM-133-SYSTEM-REFERENCE-PG': 1.1664720733125036, 'CNNDM-24-REFERENCE-SYSTEM-PG': 0.4665888293250014, 'CNNDM-119-SYSTEM-REFERENCE-BERT': -0.2916180183281259}"
11,3NQUW096N68SXJKVEJ39LI8V0MK9LK,A3UDUHUVFKD833,3H7XDTSHKCRQA7HVM5LMAU7OZ5LWG6,Approved,10,51.87,"{'CNNDM-47-SYSTEM-REFERENCE-PG': 0.4124584969487086, 'CNNDM-59-SYSTEM-REFERENCE-BERT': 0.4124584969487086, 'CNNDM-5-SYSTEM-REFERENCE-PG': -0.15319887029523474, 'CNNDM-10-SYSTEM-REFERENCE-PG': 1.1902373769091308, 'CNNDM-49-REFERENCE-SYSTEM-BERT': 1.1902373769091308, 'CNNDM-23-REFERENCE-SYSTEM-BERT': -1.2138064338776284, 'CNNDM-104-SYSTEM-REFERENCE-PG': 0.8013479369289197, 'CNNDM-98-REFERENCE-SYSTEM-BERT': 1.0134694496453984, 'CNNDM-107-SYSTEM-REFERENCE-PG': -0.08249169938974182, 'CNNDM-3-REFERENCE-SYSTEM-BERT': 0.4124584969487086, 'CNNDM-4-SYSTEM-REFERENCE-PG': 0.4124584969487086, 'CNNDM-5-SYSTEM-REFERENCE-BERT': 0.30639774059046926, 'CNNDM-116-SYSTEM-REFERENCE-PG': 1.1548837914563843, 'CNNDM-116-REFERENCE-SYSTEM-BERT': -0.4713811393699529, 'CNNDM-41-SYSTEM-REFERENCE-BERT': -0.5774418957281923, 'CNNDM-24-REFERENCE-SYSTEM-BERT': 1.2255909623618773, 'CNNDM-105-SYSTEM-REFERENCE-PG': 1.2962981332673702, 'CNNDM-61-SYSTEM-REFERENCE-PG': -1.6026958738578396, 'CNNDM-90-SYSTEM-REFERENCE-BERT': -0.329966797558967, 'CNNDM-94-REFERENCE-SYSTEM-PG': 1.2962981332673702, 'CNNDM-93-REFERENCE-SYSTEM-BERT': 0.4124584969487086, 'CNNDM-116-REFERENCE-SYSTEM-PG': 0.37710491149596215, 'CNNDM-131-SYSTEM-REFERENCE-BERT': 0.20033698423222984, 'CNNDM-10-REFERENCE-SYSTEM-PG': 0.09427622787399048, 'CNNDM-9-REFERENCE-SYSTEM-BERT': -1.3198671902358678, 'CNNDM-92-REFERENCE-SYSTEM-BERT': -0.5067347248226993, 'CNNDM-46-SYSTEM-REFERENCE-PG': -0.3653203830117135, 'CNNDM-16-SYSTEM-REFERENCE-PG': -1.779463801121572, 'CNNDM-62-SYSTEM-REFERENCE-BERT': 0.6599335951179338, 'CNNDM-45-REFERENCE-SYSTEM-BERT': 0.30639774059046926, 'CNNDM-53-REFERENCE-SYSTEM-PG': -0.22390604120072766, 'CNNDM-84-REFERENCE-SYSTEM-BERT': -0.43602755391720643, 'CNNDM-6-REFERENCE-SYSTEM-PG': -1.6734030447633326, 'CNNDM-68-SYSTEM-REFERENCE-PG': -2.0976460701962902, 'CNNDM-93-SYSTEM-REFERENCE-PG': 0.907408693287159, 'CNNDM-55-SYSTEM-REFERENCE-PG': 0.978115864192652, 'CNNDM-6-REFERENCE-SYSTEM-BERT': -1.9915853138380506, 'CNNDM-121-SYSTEM-REFERENCE-PG': 0.4478120824014551, 'CNNDM-40-SYSTEM-REFERENCE-BERT': 1.2962981332673702, 'CNNDM-97-SYSTEM-REFERENCE-PG': 0.4124584969487086, 'CNNDM-15-REFERENCE-SYSTEM-PG': -2.0622924847435438, 'CNNDM-68-REFERENCE-SYSTEM-PG': -0.329966797558967}"
11,3NQUW096N68SXJKVEJ39LI8V0MK9LK,A1BM57TUNAQIXM,33FOTY3KEMLKSULNNV0IRDWF50LC1E,Approved,8,66.7,"{'CNNDM-47-SYSTEM-REFERENCE-PG': 0.9101299202443848, 'CNNDM-93-SYSTEM-REFERENCE-PG': 1.221962333434847, 'CNNDM-84-REFERENCE-SYSTEM-BERT': -0.6750181801404648, 'CNNDM-16-SYSTEM-REFERENCE-PG': -0.986850593330927, 'CNNDM-6-REFERENCE-SYSTEM-PG': -1.2726969720888506, 'CNNDM-131-SYSTEM-REFERENCE-BERT': 1.066046126839616, 'CNNDM-62-SYSTEM-REFERENCE-BERT': -0.6230461112753878, 'CNNDM-15-REFERENCE-SYSTEM-PG': -1.2726969720888506, 'CNNDM-107-SYSTEM-REFERENCE-PG': -0.986850593330927, 'CNNDM-53-REFERENCE-SYSTEM-PG': -0.5970600768428492, 'CNNDM-94-REFERENCE-SYSTEM-PG': -0.6490321457079262, 'CNNDM-116-REFERENCE-SYSTEM-BERT': -1.3506550753864661, 'CNNDM-68-REFERENCE-SYSTEM-PG': -1.3506550753864661, 'CNNDM-5-SYSTEM-REFERENCE-BERT': -0.1293114570571559, 'CNNDM-49-REFERENCE-SYSTEM-BERT': 0.624283541486461, 'CNNDM-10-REFERENCE-SYSTEM-PG': -1.3506550753864661, 'CNNDM-24-REFERENCE-SYSTEM-BERT': 1.1180181957046929, 'CNNDM-5-SYSTEM-REFERENCE-PG': 1.2479483678673855, 'CNNDM-92-REFERENCE-SYSTEM-BERT': 1.2479483678673855, 'CNNDM-23-REFERENCE-SYSTEM-BERT': 0.05259078397061371, 'CNNDM-6-REFERENCE-SYSTEM-BERT': -1.3506550753864661, 'CNNDM-10-SYSTEM-REFERENCE-PG': -1.3506550753864661, 'CNNDM-3-REFERENCE-SYSTEM-BERT': -0.6490321457079262, 'CNNDM-40-SYSTEM-REFERENCE-BERT': 1.2479483678673855, 'CNNDM-116-SYSTEM-REFERENCE-PG': 1.1959762990023084, 'CNNDM-116-REFERENCE-SYSTEM-PG': 0.5982975070539226, 'CNNDM-61-SYSTEM-REFERENCE-PG': -0.285227663652387, 'CNNDM-9-REFERENCE-SYSTEM-BERT': -1.090794731061081, 'CNNDM-46-SYSTEM-REFERENCE-PG': -1.3506550753864661, 'CNNDM-97-SYSTEM-REFERENCE-PG': 0.5982975070539226, 'CNNDM-93-REFERENCE-SYSTEM-BERT': 0.8061857825142307, 'CNNDM-68-SYSTEM-REFERENCE-PG': -0.6750181801404648, 'CNNDM-98-REFERENCE-SYSTEM-BERT': 1.16999026456977, 'CNNDM-59-SYSTEM-REFERENCE-BERT': -1.2467109376563121, 'CNNDM-45-REFERENCE-SYSTEM-BERT': 0.7282276792166151, 'CNNDM-4-SYSTEM-REFERENCE-PG': 0.7801997480816922, 'CNNDM-90-SYSTEM-REFERENCE-BERT': 0.7801997480816922, 'CNNDM-41-SYSTEM-REFERENCE-BERT': -0.23325559478730998, 'CNNDM-121-SYSTEM-REFERENCE-PG': 0.3384371627285374, 'CNNDM-55-SYSTEM-REFERENCE-PG': 1.2479483678673855, 'CNNDM-105-SYSTEM-REFERENCE-PG': 1.2479483678673855, 'CNNDM-104-SYSTEM-REFERENCE-PG': 1.2479483678673855}"
11,3ACRLU860NEXF6P0VHU1ZTD1FPPEBF,A1F9KLZGHE9DTA,3JMSRU9HQIUFB4LZQ0Q2OP3YFIEVES,Approved,10,55.48,"{'CNNDM-93-SYSTEM-REFERENCE-PG': 0.995066405978326, 'CNNDM-116-REFERENCE-SYSTEM-BERT': -2.0562975925366973, 'CNNDM-16-SYSTEM-REFERENCE-PG': -1.1299906644160653, 'CNNDM-84-REFERENCE-SYSTEM-BERT': -0.694081521771062, 'CNNDM-6-REFERENCE-SYSTEM-BERT': -1.347945235738567, 'CNNDM-61-SYSTEM-REFERENCE-PG': -2.4922067351817008, 'CNNDM-107-SYSTEM-REFERENCE-PG': -1.5114111642304433, 'CNNDM-68-REFERENCE-SYSTEM-PG': -0.6395928789404366, 'CNNDM-49-REFERENCE-SYSTEM-BERT': -0.5306155932791857, 'CNNDM-53-REFERENCE-SYSTEM-PG': -0.20368373629543327, 'CNNDM-68-SYSTEM-REFERENCE-PG': -1.2934565929079416, 'CNNDM-45-REFERENCE-SYSTEM-BERT': 0.5046686205026971, 'CNNDM-4-SYSTEM-REFERENCE-PG': 0.39569133484144636, 'CNNDM-94-REFERENCE-SYSTEM-PG': -1.238967950077316, 'CNNDM-5-SYSTEM-REFERENCE-BERT': 0.06875947785769383, 'CNNDM-15-REFERENCE-SYSTEM-PG': -0.694081521771062, 'CNNDM-41-SYSTEM-REFERENCE-BERT': -0.9665247359241891, 'CNNDM-24-REFERENCE-SYSTEM-BERT': 0.8316004774864497, 'CNNDM-59-SYSTEM-REFERENCE-BERT': -0.3671496647873095, 'CNNDM-105-SYSTEM-REFERENCE-PG': 1.7579074056070818, 'CNNDM-10-SYSTEM-REFERENCE-PG': 1.0495550488089513, 'CNNDM-98-REFERENCE-SYSTEM-BERT': 0.39569133484144636, 'CNNDM-23-REFERENCE-SYSTEM-BERT': -0.9120360930935637, 'CNNDM-62-SYSTEM-REFERENCE-BERT': 1.0495550488089513, 'CNNDM-5-SYSTEM-REFERENCE-PG': 0.39569133484144636, 'CNNDM-9-REFERENCE-SYSTEM-BERT': -0.5851042361098112, 'CNNDM-116-SYSTEM-REFERENCE-PG': -0.25817237912605867, 'CNNDM-3-REFERENCE-SYSTEM-BERT': -0.3126610219566841, 'CNNDM-131-SYSTEM-REFERENCE-BERT': 1.158532334470202, 'CNNDM-93-REFERENCE-SYSTEM-BERT': 0.45017997767207174, 'CNNDM-116-REFERENCE-SYSTEM-PG': -0.20368373629543327, 'CNNDM-40-SYSTEM-REFERENCE-BERT': 1.7579074056070818, 'CNNDM-55-SYSTEM-REFERENCE-PG': 0.39569133484144636, 'CNNDM-104-SYSTEM-REFERENCE-PG': 0.45017997767207174, 'CNNDM-6-REFERENCE-SYSTEM-PG': 0.39569133484144636, 'CNNDM-92-REFERENCE-SYSTEM-BERT': 0.7771118346558242, 'CNNDM-10-REFERENCE-SYSTEM-PG': 1.53995283428458, 'CNNDM-121-SYSTEM-REFERENCE-PG': 1.158532334470202, 'CNNDM-97-SYSTEM-REFERENCE-PG': 0.39569133484144636, 'CNNDM-90-SYSTEM-REFERENCE-BERT': -0.040217807803557, 'CNNDM-47-SYSTEM-REFERENCE-PG': 1.158532334470202, 'CNNDM-46-SYSTEM-REFERENCE-PG': 0.39569133484144636}"
